date,open,close,high,low,volume
2023-07-19,27.46,28.94,33.4,26.3,146254.34
2023-07-20,26.03,27.58,30.28,26.03,116122.47
2023-07-21,26.72,31.52,34.32,26.22,148151.28
2023-07-24,32.94,32.36,36.73,30.28,143606.47
2023-07-25,29.91,36.45,38.22,29.83,141648.97
2023-07-26,35.62,43.73,43.73,34.88,142152.63
2023-07-27,41.19,46.61,51.94,38.59,147197.86
2023-07-28,45.92,44.36,49.57,43.55,126147.43
2023-07-31,44.53,53.22,53.22,42.82,129637.12
2023-08-01,50.87,51.12,55.38,48.71,122908.17
2023-08-02,50.95,48.98,53.95,46.81,99271.88
2023-08-03,46.8,50.75,54.69,46.2,111391.88
2023-08-04,50.85,49.42,53.86,48.32,98639.43
2023-08-07,46.9,43.8,47.5,43.58,98667.83
2023-08-08,43.65,43.89,45.96,42.83,75034.01
2023-08-09,43.27,44.39,47.02,42.95,81996.49
2023-08-10,42.82,44.77,45.77,41.93,74100.49
2023-08-11,46.98,44.03,48.09,43.04,82450.7
2023-08-14,38.82,40.07,41.45,38.82,71486.02
2023-08-15,39.35,38.55,40.5,38.09,57053.81
2023-08-16,38.07,43.64,46.26,38.07,102210.72
2023-08-17,41.77,41.26,42.81,40.4,72053.99
2023-08-18,41.11,39.83,42.75,39.77,63502.7
2023-08-21,39.12,40.85,41.65,38.59,54188.77
2023-08-22,40.01,41.53,42.58,39.35,61483.56
2023-08-23,40.92,37.86,41.46,37.76,51981.02
2023-08-24,37.19,38.14,38.73,36.46,36794.84
2023-08-25,37.6,38.07,39.15,37.48,44493.72
2023-08-28,40.84,40.81,44.75,38.96,96553.6
2023-08-29,39.66,43.04,43.78,39.66,87426.91
2023-08-30,41.69,42.02,43.55,40.27,73110.63
2023-08-31,41.61,39.04,42.66,38.96,71569.39
2023-09-01,39.83,38.29,40.36,37.17,55256.85
2023-09-04,37.83,36.27,38.81,36.22,49655.61
2023-09-05,35.63,34.17,36.27,33.68,47415.03
2023-09-06,33.83,35.44,36.44,33.74,46569.5
2023-09-07,35.25,34.77,37.04,34.73,44867.77
2023-09-08,34.35,33.83,34.68,32.42,39545.76
2023-09-11,33.45,33.8,33.9,32.82,22231.71
2023-09-12,33.78,33.19,33.78,32.99,19881.03
2023-09-13,33.4,34.18,34.73,33.4,44049.72
2023-09-14,33.74,31.61,33.83,31.54,37671.5
2023-09-15,31.64,31.84,32.24,31.32,20982.0
2023-09-18,31.52,32.29,32.64,31.3,19325.19
2023-09-19,32.14,32.27,33.57,32.14,21874.81
2023-09-20,32.14,32.91,33.17,32.0,26252.27
2023-09-21,32.61,32.19,33.37,32.15,17546.95
2023-09-22,32.19,32.82,32.82,31.61,19552.94
2023-09-25,32.3,32.73,32.79,32.14,15752.02
2023-09-26,32.4,32.73,33.02,32.39,14195.63
2023-09-27,32.82,32.05,33.17,32.01,19260.6
2023-09-28,31.91,31.54,32.52,31.31,20014.27
2023-10-09,31.43,31.28,31.66,31.08,11051.4
2023-10-10,31.35,31.16,31.46,30.51,16309.99
2023-10-11,31.16,31.27,31.82,31.02,11219.2
2023-10-12,31.44,31.76,32.77,30.88,27777.0
2023-10-13,31.0,30.73,31.55,30.62,18483.66
2023-10-16,30.73,30.42,31.0,30.28,10465.14
2023-10-17,30.61,29.91,30.75,29.73,12592.42
2023-10-18,30.12,28.86,30.12,28.82,11623.8
2023-10-19,28.87,30.12,32.02,28.86,27593.36
2023-10-20,30.31,33.54,34.44,30.18,65327.8
2023-10-23,31.23,30.99,31.89,29.5,47448.14
2023-10-24,30.99,32.84,33.43,30.62,44140.55
2023-10-25,37.44,34.81,38.79,34.2,79810.38
2023-10-26,33.81,34.07,36.66,33.19,69343.72
2023-10-27,32.95,32.11,33.65,31.76,61493.89
2023-10-30,31.26,31.07,31.51,30.4,36104.58
2023-10-31,30.79,32.2,32.2,30.36,50427.14
2023-11-01,31.27,30.54,31.69,30.46,35785.03
2023-11-02,30.47,29.63,31.3,29.63,28722.16
2023-11-03,29.65,30.04,30.27,29.65,20458.99
2023-11-06,30.1,30.91,31.05,29.97,27906.08
2023-11-07,30.95,31.11,31.45,30.84,27569.24
2023-11-08,31.1,31.07,31.44,30.24,34557.68
2023-11-09,30.5,30.09,30.96,29.8,29668.54
2023-11-10,29.85,29.89,30.06,29.41,17530.15
2023-11-13,30.0,30.58,30.61,29.9,19415.06
2023-11-14,30.78,32.83,33.38,30.64,68260.19
2023-11-15,32.33,33.78,34.23,32.33,65121.48
2023-11-16,33.32,33.07,33.69,32.95,34339.6
2023-11-17,32.86,32.35,32.95,31.94,26248.67
2023-11-20,32.27,32.28,32.65,31.84,22367.0
2023-11-21,32.36,32.04,33.09,31.88,37618.38
2023-11-22,31.67,32.15,33.32,31.64,46132.2
2023-11-23,31.67,31.6,32.17,30.78,33098.58
2023-11-24,31.59,30.55,31.73,30.33,21744.0
2023-11-27,30.4,30.26,30.69,30.03,14518.03
2023-11-28,30.28,30.78,30.84,29.72,14132.8
2023-11-29,30.79,29.99,30.79,29.94,13575.6
2023-11-30,29.91,29.78,30.31,29.39,12788.3
2023-12-01,29.88,30.15,30.23,29.47,12199.72
2023-12-04,29.96,29.96,30.3,29.79,11702.0
2023-12-05,29.78,29.12,30.09,29.11,12636.89
2023-12-06,29.21,29.05,29.58,28.89,10357.4
2023-12-07,28.9,28.61,29.17,28.6,10483.6
2023-12-08,28.51,27.8,28.76,27.8,17170.83
2023-12-11,27.71,28.01,28.05,27.34,9614.57
2023-12-12,28.0,29.27,29.45,27.82,29370.8
2023-12-13,28.87,28.65,29.06,28.53,18172.34
2023-12-14,28.46,28.53,28.87,28.19,12847.8
2023-12-15,28.69,28.82,29.02,28.39,13321.16
2023-12-18,28.69,28.11,29.02,28.04,9917.73
2023-12-19,28.07,27.65,28.28,27.41,10278.95
2023-12-20,27.71,27.69,28.33,27.69,9724.0
2023-12-21,27.5,27.44,27.83,26.73,11653.54
2023-12-22,27.32,26.72,27.56,26.57,12382.2
2023-12-25,26.43,26.3,26.92,26.28,6178.0
2023-12-26,26.31,26.13,26.8,25.83,9636.8
2023-12-27,26.01,25.91,26.07,25.52,9964.4
2023-12-28,25.97,26.59,26.72,25.43,17042.23
2023-12-29,26.63,27.26,27.26,26.38,16931.0
2024-01-02,27.35,26.73,27.61,26.71,10328.54
2024-01-03,26.73,26.4,26.84,26.13,10121.4
2024-01-04,26.48,26.37,26.48,26.13,5054.95
2024-01-05,26.35,26.07,26.57,25.91,7439.4
2024-01-08,26.11,27.62,28.33,26.11,42696.68
2024-01-09,26.58,25.8,27.23,25.59,33974.11
2024-01-10,25.41,25.2,25.89,24.14,21230.9
2024-01-11,24.99,26.07,26.13,24.85,18238.05
2024-01-12,26.37,25.64,26.79,25.61,15607.0
2024-01-15,25.38,25.54,25.68,25.05,11182.65
2024-01-16,25.38,25.18,25.97,24.79,11103.4
2024-01-17,25.08,24.2,25.3,24.2,8713.4
2024-01-18,24.22,24.05,24.3,23.48,11493.4
2024-01-19,23.99,23.59,23.99,23.44,16676.5
2024-01-22,23.53,22.23,23.68,21.98,16485.59
2024-01-23,22.25,22.37,22.45,21.77,10630.88
2024-01-24,22.56,23.44,23.77,22.15,14262.39
2024-01-25,23.68,24.13,24.16,23.22,16205.82
2024-01-26,24.13,24.27,25.08,24.13,16910.09
2024-01-29,24.71,23.32,25.53,23.32,19267.6
2024-01-30,23.34,24.49,26.21,22.56,38045.36
2024-01-31,23.92,21.46,23.92,21.38,32978.37
2024-02-01,20.76,21.24,21.63,20.42,18471.75
2024-02-02,21.23,19.76,22.22,19.14,21966.99
2024-02-05,19.3,16.79,19.46,16.62,22432.66
2024-02-06,15.19,16.54,17.2,14.92,23113.06
2024-02-07,16.47,14.7,16.56,14.34,28583.73
2024-02-08,14.38,16.11,16.13,13.95,33511.91
2024-02-19,16.29,17.12,17.27,15.73,29511.87
2024-02-20,17.21,18.19,20.06,16.73,35232.52
2024-02-21,17.97,18.31,18.94,17.45,33795.87
2024-02-22,18.08,18.72,18.79,18.08,26322.14
2024-02-23,18.77,19.48,19.48,18.62,25926.38
2024-02-26,19.39,19.51,19.9,19.08,28344.41
2024-02-27,19.47,20.46,20.46,19.13,28476.71
2024-02-28,20.78,18.19,20.95,18.17,38279.01
2024-02-29,17.8,19.05,19.13,17.8,24844.43
2024-03-01,19.26,19.81,19.9,19.09,23739.1
2024-03-04,19.68,20.28,20.88,18.97,34544.34
2024-03-05,19.96,19.22,20.11,19.03,26003.59
2024-03-06,19.22,19.59,19.96,19.02,20804.93
2024-03-07,19.58,19.63,20.4,19.53,33995.08
2024-03-08,19.36,19.47,20.19,18.97,28010.09
2024-03-11,19.44,20.03,20.12,19.26,27459.6
2024-03-12,20.14,21.03,21.24,19.92,46899.98
2024-03-13,20.73,20.37,20.79,20.18,35561.61
2024-03-14,20.37,19.99,20.53,19.69,24725.06
2024-03-15,20.07,20.14,20.21,19.67,18230.76
2024-03-18,20.29,20.72,20.73,20.27,25344.45
2024-03-19,20.53,20.91,21.33,20.52,31028.5
2024-03-20,20.89,21.21,21.34,20.73,23949.0
2024-03-21,21.21,20.93,21.46,20.64,19753.15
2024-03-22,21.0,20.22,21.0,20.17,19013.37
2024-03-25,20.14,19.74,20.58,19.7,16286.63
2024-03-26,19.69,20.34,20.52,19.57,18363.06
2024-03-27,20.3,19.09,20.55,19.01,17877.45
2024-03-28,19.07,20.27,20.89,18.88,32711.83
2024-03-29,20.26,21.21,22.09,19.97,55768.1
2024-04-01,20.91,22.44,22.71,20.77,63759.42
2024-04-02,22.31,22.01,23.1,21.8,53642.58
2024-04-03,21.83,21.04,22.0,20.88,33264.5
2024-04-08,20.9,19.27,21.03,19.27,30606.91
2024-04-09,19.27,19.68,20.38,19.27,19348.02
2024-04-10,19.66,18.62,19.66,18.28,26256.94
2024-04-11,18.33,19.03,19.67,18.08,24366.1
2024-04-12,18.96,18.5,19.38,18.41,17698.1
2024-04-15,18.53,17.03,18.64,16.72,24111.34
2024-04-16,17.21,15.98,17.24,15.24,23632.32
2024-04-17,16.47,19.18,19.18,16.47,35394.12
2024-04-18,19.66,20.19,22.14,18.8,70643.69
2024-04-19,19.34,22.91,23.95,19.34,85875.64
2024-04-22,21.87,21.44,22.28,20.87,57426.82
2024-04-23,21.33,21.89,23.12,21.33,68058.38
2024-04-24,20.88,23.95,25.54,20.71,85889.05
2024-04-25,23.21,23.08,23.95,22.69,62777.2
2024-04-26,23.0,22.12,23.33,21.95,58096.95
2024-04-29,21.89,22.58,22.63,21.57,43286.23
2024-04-30,22.4,21.25,22.46,21.19,38777.62
2024-05-06,21.58,22.28,23.36,21.58,37117.08
2024-05-07,22.24,22.61,23.0,21.86,38706.77
2024-05-08,22.32,21.55,22.59,21.54,27301.21
2024-05-09,21.43,21.92,22.15,21.26,20688.71
2024-05-10,22.69,23.64,24.34,22.61,75973.07
2024-05-13,22.59,24.34,25.31,21.61,63006.2
2024-05-14,23.71,23.38,24.38,23.34,45557.2
2024-05-15,22.93,24.83,24.84,22.46,68663.46
2024-05-16,24.35,26.28,28.21,24.35,97983.01
2024-05-17,25.32,27.74,27.74,25.08,94426.9
2024-05-20,26.7,26.15,27.18,25.92,63022.77
2024-05-21,26.13,25.27,26.65,24.76,46234.63
2024-05-22,25.16,26.94,27.71,25.08,70705.54
2024-05-23,26.21,25.08,26.21,24.34,53063.77
2024-05-24,24.56,23.64,24.66,23.24,35952.49
2024-05-27,23.51,24.33,24.34,22.89,31438.56
2024-05-28,24.22,23.37,24.92,23.25,29490.79
2024-05-29,23.38,23.55,23.92,22.85,21603.27
2024-05-30,23.5,22.31,23.5,22.31,25981.34
2024-05-31,22.43,22.43,22.69,22.26,15935.13
2024-06-03,22.7,22.6,23.35,22.43,20030.08
2024-06-04,22.74,24.26,24.27,22.36,44247.84
2024-06-05,23.73,23.07,23.81,22.86,30154.74
2024-06-06,23.06,20.67,23.06,20.51,31850.48
2024-06-07,20.76,20.77,21.47,20.73,15320.77
2024-06-11,20.67,21.27,21.38,19.9,12785.07
2024-06-12,21.57,21.16,21.57,21.11,13822.28
2024-06-13,21.44,21.08,21.44,20.71,12847.27
2024-06-14,21.07,21.52,21.52,20.75,15878.94
2024-06-17,21.54,21.17,21.64,21.05,14209.76
2024-06-18,21.11,21.35,21.61,21.05,13987.79
2024-06-19,21.36,23.13,24.29,21.28,56370.9
2024-06-20,22.85,22.12,23.16,22.03,34385.94
2024-06-21,21.89,23.79,23.94,21.65,56125.94
2024-06-24,23.6,24.44,24.74,22.79,60176.33
2024-06-25,23.71,23.83,24.39,22.99,40591.0
2024-06-26,23.56,23.56,23.85,22.75,30732.19
2024-06-27,23.52,23.67,24.69,23.26,43034.92
2024-06-28,23.1,22.8,23.79,22.8,34826.38
2024-07-01,24.31,24.23,26.29,23.8,63410.64
2024-07-02,22.99,23.0,23.55,22.91,42747.32
2024-07-03,22.67,21.32,22.71,21.29,35049.47
2024-07-04,22.42,20.98,22.78,20.96,25522.2
2024-07-05,20.44,20.62,20.81,19.67,22838.87
2024-07-08,20.63,20.02,20.77,19.99,14248.94
2024-07-09,19.81,20.34,20.36,19.26,20114.96
2024-07-10,20.53,20.21,20.68,19.99,15225.76
2024-07-11,20.56,20.62,20.76,20.26,16572.0
2024-07-12,20.65,21.19,22.19,20.57,29852.43
2024-07-15,20.91,21.37,22.17,20.53,30577.87
2024-07-16,21.22,20.71,21.22,20.56,18237.17
2024-07-17,20.58,19.58,20.59,19.47,20934.56
2024-07-18,19.29,19.51,20.14,18.85,15511.34
2024-07-19,19.04,19.07,19.5,18.92,20805.06
2024-07-22,18.91,18.85,19.11,18.79,16233.34
2024-07-23,18.87,18.87,19.15,18.72,16569.43
2024-07-24,19.08,18.33,19.22,18.12,18466.0
2024-07-25,18.06,18.16,18.51,17.84,13361.0
2024-07-26,18.31,18.32,18.43,18.07,18208.35
2024-07-29,18.21,18.54,18.58,17.95,19345.34
2024-07-30,18.48,18.85,19.15,18.4,21717.29
2024-07-31,18.76,19.19,19.44,18.47,27651.87
2024-08-01,19.74,19.18,20.28,19.17,36822.56
2024-08-02,18.86,19.6,20.59,18.83,61936.67
2024-08-05,19.22,18.54,19.77,18.53,38445.94
2024-08-06,18.85,18.66,19.1,18.41,23525.94
2024-08-07,18.62,18.35,18.84,18.29,22356.4
2024-08-08,18.39,17.61,18.45,17.6,25880.54
2024-08-09,17.78,18.05,18.5,17.66,27760.46
2024-08-12,17.93,17.82,18.38,17.39,16717.33
2024-08-13,17.62,18.18,18.19,17.49,17891.7
2024-08-14,18.16,18.06,18.99,18.06,23910.0
2024-08-15,17.98,17.72,18.02,17.48,18739.0
2024-08-16,17.62,17.37,17.74,17.32,14546.45
2024-08-19,17.29,17.17,17.44,16.95,9572.7
2024-08-20,17.17,16.86,17.21,16.78,10151.39
2024-08-21,16.8,17.01,17.24,16.73,9131.24
2024-08-22,17.06,16.53,17.07,16.51,10375.94
2024-08-23,16.49,16.44,16.58,16.13,10827.21
2024-08-26,16.48,16.51,16.78,16.41,9148.91
2024-08-27,16.51,17.29,17.5,16.38,34867.96
2024-08-28,16.87,16.34,16.97,16.32,21559.08
2024-08-29,16.32,16.49,16.86,15.96,14607.0
2024-08-30,16.49,16.94,17.34,16.41,25114.32
2024-09-02,16.94,17.03,17.93,16.77,33056.87
2024-09-03,16.87,16.78,17.11,16.65,22488.59
2024-09-04,16.67,16.51,16.91,16.44,12321.28
2024-09-05,16.51,16.53,16.68,16.36,9549.85
2024-09-06,16.51,16.07,16.64,16.07,11902.88
2024-09-09,16.2,16.06,16.2,15.75,7133.16
2024-09-10,16.14,16.12,16.17,15.81,6469.0
2024-09-11,16.18,16.1,16.21,15.95,6765.29
2024-09-12,16.11,15.96,16.41,15.84,9168.34
2024-09-13,15.96,15.96,16.72,15.65,22748.12
2024-09-18,16.03,15.6,16.03,15.31,15987.21
2024-09-19,15.76,15.96,16.1,15.62,12702.04
2024-09-20,15.95,15.77,16.0,15.65,9441.0
2024-09-23,15.77,15.5,15.8,15.43,10313.0
2024-09-24,15.58,15.94,15.94,15.38,16364.88
2024-09-25,16.07,16.06,16.55,16.05,20996.47
2024-09-26,15.96,16.66,16.7,15.92,23712.66
2024-09-27,17.24,17.69,17.93,16.81,38993.0
2024-09-30,18.58,20.18,20.49,17.96,65032.28
2024-10-08,23.56,22.46,23.56,20.52,86145.11
2024-10-09,21.35,19.57,21.93,19.47,62132.92
2024-10-10,19.39,19.72,20.64,19.06,42243.43
2024-10-11,19.56,18.69,19.56,18.41,26970.6
2024-10-14,19.05,19.28,19.45,18.74,27813.0
2024-10-15,19.15,20.03,21.2,18.89,61196.95
2024-10-16,19.63,20.86,21.28,19.43,67839.82
2024-10-17,20.8,20.39,21.66,20.15,74414.41
2024-10-18,20.27,20.69,21.29,19.5,70791.28
2024-10-21,19.9,21.6,21.76,19.7,101184.62
2024-10-22,21.2,20.62,21.24,20.45,64849.2
2024-10-23,20.47,21.34,21.84,20.27,85725.44
2024-10-24,21.26,20.52,21.26,20.36,44823.36
2024-10-25,21.16,21.46,22.07,21.13,90989.96
2024-10-28,21.96,21.6,22.11,21.42,61027.42
2024-10-29,21.31,20.28,21.63,20.27,51700.0
2024-10-30,20.02,20.18,20.57,19.83,32006.86
2024-10-31,20.12,19.83,20.51,19.79,38206.82
2024-11-01,19.69,18.81,20.08,18.8,34623.16
2024-11-04,18.81,19.12,19.19,18.51,19341.91
2024-11-05,19.32,19.69,19.71,19.05,26292.77
2024-11-06,19.89,20.02,20.49,19.67,34441.0
2024-11-07,19.71,20.43,20.47,19.53,38767.12
2024-11-08,20.49,20.11,20.65,20.02,34055.04
2024-11-11,20.07,20.48,20.5,19.89,30399.03
2024-11-12,20.52,20.23,20.85,19.98,36351.97
2024-11-13,20.08,20.3,20.72,19.79,26329.71
2024-11-14,20.2,19.6,20.42,19.54,19802.94
2024-11-15,19.59,19.38,20.23,19.33,25544.21
2024-11-18,19.54,18.87,19.68,18.55,22704.0
2024-11-19,19.3,19.47,19.65,18.93,23007.0
2024-11-20,19.39,19.75,19.78,19.04,22289.14
2024-11-21,19.69,22.32,23.7,19.5,173323.57
2024-11-22,20.93,20.76,21.69,20.75,129053.07
2024-11-25,20.55,21.34,21.58,20.03,86193.02
2024-11-26,20.88,22.39,22.6,20.42,126068.58
2024-11-27,21.93,22.06,22.5,21.08,78111.5
2024-11-28,22.32,21.73,22.8,21.64,94429.4
2024-11-29,21.39,21.69,21.99,21.02,65638.04
2024-12-02,21.69,22.18,22.63,21.46,69843.89
2024-12-03,21.96,22.86,22.91,21.77,102497.73
2024-12-04,22.59,21.77,22.74,21.76,59405.95
2024-12-05,21.47,21.57,22.06,21.46,44149.8
2024-12-06,21.9,21.87,23.44,21.83,75571.08
2024-12-09,21.54,21.19,21.86,21.06,48084.12
2024-12-10,21.92,21.48,22.05,21.47,44845.15
2024-12-11,21.61,21.31,21.61,21.13,37622.33
2024-12-12,21.26,21.37,21.44,21.16,29549.54
2024-12-13,21.37,20.82,21.58,20.8,35592.44
2024-12-16,20.79,20.69,20.97,20.56,20231.0
2024-12-17,20.69,19.83,20.75,19.83,25179.05
2024-12-18,19.95,19.95,20.17,19.5,18234.0
2024-12-19,19.78,20.28,20.28,19.56,20422.64
2024-12-20,20.24,20.31,20.72,20.02,18651.0
2024-12-23,20.31,19.32,20.47,19.25,21003.15
2024-12-24,19.32,19.4,19.7,19.14,12066.38
2024-12-25,19.41,19.6,20.17,18.99,21928.13
2024-12-26,19.5,19.47,19.85,19.43,15953.08
2024-12-27,19.48,19.48,19.75,19.41,12700.0
2024-12-30,19.49,19.53,19.65,19.18,10420.74
2024-12-31,19.52,18.78,19.62,18.71,14876.45
2025-01-02,18.78,17.81,18.89,17.63,19123.42
2025-01-03,18.03,17.37,18.03,16.92,22633.54
2025-01-06,17.28,17.19,17.58,16.82,13477.9
2025-01-07,17.32,17.69,17.71,17.05,15396.38
2025-01-08,17.64,17.56,17.91,17.14,13869.34
2025-01-09,17.53,17.68,17.77,17.28,9517.0
2025-01-10,17.63,16.97,17.88,16.97,14198.25
2025-01-13,16.82,17.08,17.13,16.45,10002.0
2025-01-14,17.35,17.8,17.8,17.33,18071.7
2025-01-15,17.8,17.53,17.88,17.53,13820.0
2025-01-16,17.85,17.66,17.95,17.45,15551.0
2025-01-17,17.74,17.5,17.74,17.43,11678.0
2025-01-20,17.64,17.61,17.77,17.43,10631.0
2025-01-21,17.56,17.38,17.71,17.21,12508.0
2025-01-22,17.28,17.25,17.38,17.09,9150.4
2025-01-23,17.39,17.3,17.72,17.28,12265.38
2025-01-24,17.28,17.5,17.54,17.15,11596.38
2025-01-27,17.63,17.43,17.88,17.39,11015.0
2025-02-05,17.54,17.91,18.11,17.54,15232.1
2025-02-06,17.91,18.07,18.09,17.68,15613.66
2025-02-07,18.18,18.19,18.33,17.91,20176.72
2025-02-10,18.2,18.49,18.49,18.09,17423.0
2025-02-11,18.52,18.25,18.52,18.12,12475.7
2025-02-12,18.4,18.26,18.42,18.1,14764.0
2025-02-13,18.26,18.19,18.61,18.19,18422.9
2025-02-14,18.11,18.26,18.49,18.04,15801.0
2025-02-17,18.19,18.43,18.53,18.19,16530.7
2025-02-18,18.4,17.77,18.4,17.72,17847.8
2025-02-19,17.77,18.14,18.16,17.77,11342.0
2025-02-20,18.11,18.11,18.19,18.01,12251.0
2025-02-21,18.06,18.15,18.2,17.92,14244.05
2025-02-24,18.23,18.77,19.3,18.12,45821.21
2025-02-25,18.46,19.02,19.24,18.44,42251.52
2025-02-26,19.22,18.93,19.24,18.81,27182.94
2025-02-27,18.93,18.93,19.2,18.57,19685.32
2025-02-28,18.95,18.41,19.07,18.37,20053.0
2025-03-03,18.42,18.48,18.72,18.3,13961.0
2025-03-04,18.49,18.76,18.83,18.38,14526.02
2025-03-05,18.77,18.4,18.77,18.2,15424.0
2025-03-06,18.42,18.57,18.64,18.31,19065.0
2025-03-07,18.53,18.37,18.78,18.26,15356.0
2025-03-10,18.34,18.68,18.99,18.34,21518.0
2025-03-11,18.45,18.46,18.51,18.15,19977.52
2025-03-12,18.49,18.32,18.5,18.31,11648.21
2025-03-13,18.33,18.03,18.38,17.75,16797.0
2025-03-14,18.09,18.37,18.39,17.94,17660.02
2025-03-17,18.49,18.53,18.68,18.31,16413.34
2025-03-18,18.53,18.71,18.84,18.47,16624.84
2025-03-19,18.62,18.55,18.7,18.41,12721.94
2025-03-20,18.48,18.46,18.63,18.34,11689.94
2025-03-21,18.4,18.19,18.4,18.12,13032.0
2025-03-24,18.26,17.44,18.26,17.06,21621.0
2025-03-25,17.43,17.4,17.56,17.25,10733.52
2025-03-26,17.4,17.61,17.69,17.29,11017.0
2025-03-27,17.58,17.34,17.58,17.2,12172.0
2025-03-28,17.31,17.01,17.4,17.0,11786.94
2025-03-31,16.9,16.82,16.96,16.64,10261.0
2025-04-01,16.93,17.14,17.33,16.85,11993.0
2025-04-02,17.15,17.25,17.44,17.04,9819.0
2025-04-03,17.2,17.38,17.47,17.07,12460.0
2025-04-07,16.74,14.14,16.74,13.93,29967.68
2025-04-08,14.38,14.93,15.28,14.35,23339.0
2025-04-09,14.77,15.32,15.53,13.87,20329.0
2025-04-10,15.59,15.69,16.35,15.53,27316.94
2025-04-11,15.55,15.49,15.78,15.38,17910.0
2025-04-14,15.7,15.72,15.91,15.64,12042.0
2025-04-15,15.78,15.68,15.85,15.53,8528.94
2025-04-16,15.75,15.42,15.75,15.19,11195.0
2025-04-17,15.37,15.75,15.97,15.32,15100.55
2025-04-18,15.65,17.09,18.11,15.46,42528.0
2025-04-21,16.59,16.41,16.65,16.25,38049.68
2025-04-22,16.4,16.54,16.55,16.21,22764.0
2025-04-23,16.54,16.83,16.99,16.49,29799.78
2025-04-24,16.74,16.84,17.42,16.62,36644.68
2025-04-25,16.76,16.73,17.26,16.61,31674.16
2025-04-28,16.59,16.65,16.7,15.98,21091.94
2025-04-29,16.67,16.69,16.99,16.52,16877.0
2025-04-30,16.74,16.77,16.93,16.74,12066.0
2025-05-06,16.89,17.13,17.17,16.8,18877.0
2025-05-07,17.31,17.29,17.81,17.16,25376.0
2025-05-08,17.17,17.63,17.65,17.13,21809.21
2025-05-09,17.76,17.56,18.1,17.54,28443.21
2025-05-12,17.63,17.83,17.85,17.5,18668.21
2025-05-13,17.94,17.78,18.0,17.66,16394.0
2025-05-14,17.85,17.66,17.95,17.51,18085.88
2025-05-15,17.63,17.67,17.74,17.52,11869.8
2025-05-16,17.86,17.6,18.01,17.44,26513.0
2025-05-19,17.53,17.79,17.87,17.5,21584.94
2025-05-20,17.81,18.07,18.09,17.62,20104.43
2025-05-21,18.01,17.99,18.26,17.92,17426.03
2025-05-22,18.07,17.69,18.1,17.62,14076.82
2025-05-23,17.63,17.41,17.81,17.36,12461.15
2025-05-26,17.35,17.88,18.03,17.34,15672.94
2025-05-27,18.05,17.95,18.06,17.71,15944.23
2025-05-28,18.04,17.78,18.17,17.66,11315.96
2025-05-29,17.73,18.17,18.29,17.69,20496.22
2025-05-30,18.18,18.17,18.33,18.01,18899.07
2025-06-03,18.15,17.97,18.22,17.93,15728.92
2025-06-04,17.97,18.25,18.32,17.97,16916.73
2025-06-05,18.38,18.54,18.67,18.25,26306.87
2025-06-06,18.62,18.8,18.88,18.48,25409.76
2025-06-09,18.91,19.17,19.46,18.68,40196.2
2025-06-10,19.22,19.31,20.41,19.09,89826.38
2025-06-11,19.5,19.04,19.76,18.99,40480.81
2025-06-12,19.04,19.0,19.1,18.81,22402.35
2025-06-13,18.93,19.44,19.85,18.72,57660.63
2025-06-16,19.32,19.45,19.83,19.23,27196.15
2025-06-17,19.5,19.43,19.78,19.26,21653.19
2025-06-18,19.38,18.85,19.44,18.65,32549.24
2025-06-19,18.8,19.54,19.71,18.8,52974.02
2025-06-20,19.76,20.03,20.37,19.69,71878.13
2025-06-23,19.83,19.96,20.1,19.43,35898.62
2025-06-24,20.02,20.39,20.54,19.69,54853.89
2025-06-25,20.47,20.67,21.16,20.29,63197.09
2025-06-26,20.62,20.6,20.92,20.27,35775.12
2025-06-27,20.56,21.09,21.21,20.55,42389.02
2025-06-30,21.13,21.82,22.21,21.06,50741.04
2025-07-01,22.0,21.53,22.12,21.35,43520.81
2025-07-15,20.46,20.85,22.07,19.65,140152.77
2025-07-16,20.45,19.86,20.47,19.76,77695.17
2025-07-17,19.75,20.58,21.72,19.64,101315.52
2025-07-18,20.52,21.02,21.39,20.22,86612.84
2025-07-21,20.97,21.45,21.77,20.97,73331.61
2025-07-22,21.46,21.17,21.57,21.02,56634.14
2025-07-23,21.38,20.71,21.4,20.67,46954.48
2025-07-24,20.76,21.1,21.33,20.57,40734.48
2025-07-25,21.1,20.75,21.1,20.65,27996.41
2025-07-28,20.8,21.15,21.21,20.74,31270.89
2025-07-29,20.96,20.97,21.41,20.78,25057.92
2025-07-30,20.93,20.3,20.93,20.08,48814.39
2025-07-31,20.25,21.26,21.77,20.18,102301.18
2025-08-01,21.39,21.21,21.76,20.87,63254.62
2025-08-04,21.07,21.85,22.45,20.73,69530.0
2025-08-05,21.82,21.71,22.36,21.5,41598.23
2025-08-06,21.6,23.94,23.97,21.5,148786.48
2025-08-07,24.69,22.94,24.96,22.54,128697.1
2025-08-08,22.86,24.23,24.67,22.4,171427.73
2025-08-11,23.65,25.66,26.39,23.38,158454.72
2025-08-12,25.72,25.92,27.12,25.22,154700.89
2025-08-13,25.57,27.08,27.47,25.23,161504.68
2025-08-14,26.47,25.98,26.97,25.87,96801.57
2025-08-15,25.9,27.5,28.14,25.72,98991.65
2025-08-18,27.33,26.78,27.86,26.17,126365.85
2025-08-19,26.46,25.91,26.87,25.55,77998.75
2025-08-20,25.88,24.47,25.88,24.35,92815.26
2025-08-21,24.62,24.12,24.72,23.95,70174.95
2025-08-22,24.12,24.1,24.34,23.77,56171.35
2025-08-25,24.11,24.28,24.79,24.03,78475.24
2025-08-26,24.47,24.6,25.22,23.85,97048.15
2025-08-27,24.27,23.02,24.51,22.98,97356.38
2025-08-28,23.02,22.61,23.28,21.87,55308.91
2025-08-29,22.81,22.43,22.81,22.3,29156.82
2025-09-01,22.21,22.54,22.73,22.18,24768.27
2025-09-02,22.53,22.55,22.73,21.84,38752.88
2025-09-03,22.66,22.35,22.7,22.09,24783.4
2025-09-04,22.3,21.97,22.55,21.71,24983.28
2025-09-05,21.98,22.03,22.17,21.76,22016.14
2025-09-08,21.98,22.52,22.56,21.82,35467.8
2025-09-09,22.38,22.18,22.43,21.97,26122.8
2025-09-10,22.19,22.5,22.96,22.19,31157.89
2025-09-11,23.05,22.71,23.05,22.32,30198.75
2025-09-12,22.72,23.88,24.27,22.54,86601.19
2025-09-15,23.82,23.32,23.84,22.99,43555.96
2025-09-16,23.26,23.9,24.22,23.02,49289.46
2025-09-17,24.33,23.61,24.37,23.42,35827.7
2025-09-18,23.48,22.76,23.65,22.57,62543.87
2025-09-19,22.88,21.83,22.88,21.83,40479.75
2025-09-22,21.92,22.96,23.18,21.86,42716.58
2025-09-23,22.85,23.18,23.24,22.26,40771.71
2025-09-24,23.22,24.31,24.37,22.68,75794.85
2025-09-25,23.88,23.48,24.12,23.35,55779.4
2025-09-26,23.31,24.47,25.14,23.08,103253.92
2025-09-29,24.32,23.67,24.53,23.37,67181.38
2025-09-30,23.59,23.69,24.13,23.38,41619.95
2025-10-09,23.46,23.08,23.85,22.97,46827.6
2025-10-10,23.08,23.25,23.81,22.87,36942.19
2025-10-13,22.57,22.98,23.17,21.74,32011.3
2025-10-14,22.96,23.11,24.01,22.96,41584.01
2025-10-15,23.11,23.65,23.9,23.04,30457.05
2025-10-16,23.88,23.23,23.98,23.16,21541.12
2025-10-17,23.23,21.89,23.77,21.85,58344.68
2025-10-20,22.08,22.31,22.68,22.03,27420.38
2025-10-21,22.44,23.07,23.18,22.12,32263.47
2025-10-22,23.0,23.52,23.9,23.0,44595.19
2025-10-23,23.6,23.18,23.86,22.87,21639.21
2025-10-24,23.14,23.37,23.61,23.04,26466.18
2025-10-27,23.5,24.18,24.25,23.24,58752.68
2025-10-28,24.01,23.88,24.42,23.61,32054.47
2025-10-29,23.87,22.93,23.91,22.8,39290.91
2025-10-30,22.9,22.56,23.07,22.45,26227.27
2025-10-31,22.75,23.31,23.35,22.65,23826.3
2025-11-03,23.28,23.56,23.79,23.09,20983.55
2025-11-04,23.62,23.5,23.66,23.13,20043.65
2025-11-05,23.43,23.82,23.95,23.2,26815.57
2025-11-06,23.75,23.77,24.36,23.67,31974.3
2025-11-07,23.76,23.85,24.05,23.38,23744.01
2025-11-10,24.36,23.84,24.5,23.74,26450.15
2025-11-11,24.01,24.45,24.5,23.81,38838.69
2025-11-12,24.45,23.22,24.47,23.12,41086.42
2025-11-13,23.36,23.45,23.74,23.02,23635.51
2025-11-14,23.36,23.67,24.07,23.27,27331.74
2025-11-17,24.15,23.28,24.15,23.17,26022.07
2025-11-18,23.4,22.93,23.4,22.83,19988.51
2025-11-19,22.9,22.32,23.18,22.2,21209.0
2025-11-20,22.45,22.6,22.99,22.43,22092.52
2025-11-21,22.45,21.8,22.7,21.6,23748.71
2025-11-24,21.96,22.58,22.67,21.94,18864.85
2025-11-25,22.6,22.52,22.98,22.37,20033.63
2025-11-26,22.52,22.29,23.15,22.24,20227.24
2025-11-27,22.5,22.76,22.95,22.27,18673.21
2025-11-28,22.8,22.76,23.0,22.6,19954.4
2025-12-01,22.77,22.6,22.92,22.44,14407.75
2025-12-02,22.47,22.2,22.53,22.15,12731.95
2025-12-03,22.2,21.82,22.41,21.68,17861.89
2025-12-04,21.94,21.38,22.02,21.33,14633.14
2025-12-05,21.4,21.68,21.74,21.15,14607.6
2025-12-08,21.89,21.72,22.17,21.61,18041.32
2025-12-09,21.88,21.77,22.34,21.7,19276.1
2025-12-10,21.63,21.23,21.76,21.14,18030.54
2025-12-11,21.21,20.66,21.43,20.66,19184.35
2025-12-12,20.66,20.42,20.98,20.42,16974.21
2025-12-15,20.5,20.5,20.68,20.16,14570.28
2025-12-16,20.5,20.13,20.66,20.03,15416.39
2025-12-17,19.98,20.08,20.3,19.58,18919.14
2025-12-18,20.06,20.3,20.52,19.98,16008.61
2025-12-19,20.5,20.56,20.63,20.27,12633.02
2025-12-22,20.98,20.55,21.25,20.55,12569.38
2025-12-23,20.44,20.42,20.68,20.2,13607.64
2025-12-24,20.38,20.52,20.65,20.37,9399.76
2025-12-25,20.71,20.72,20.85,20.41,11047.69
2025-12-26,20.71,23.33,23.96,20.42,114084.48
2025-12-29,23.05,23.38,23.61,22.3,80458.82
2025-12-30,23.44,22.5,23.45,22.45,46385.33
2025-12-31,22.64,22.27,22.64,21.74,41490.99
2026-01-05,22.22,22.21,22.66,22.08,32974.77
2026-01-06,22.28,22.21,22.34,22.02,27598.28
2026-01-07,22.16,22.5,22.55,22.01,32256.95
2026-01-08,22.51,23.75,23.75,22.51,71155.61
2026-01-09,25.2,24.62,25.49,24.06,95717.42
2026-01-12,25.0,26.25,26.71,24.76,93100.91
2026-01-13,26.27,26.01,27.47,25.85,86605.51
2026-01-14,25.92,25.3,25.96,24.91,65853.76
2026-01-15,25.13,24.53,25.29,24.06,51033.31
2026-01-16,24.78,24.61,24.95,24.09,36700.95
2026-01-19,24.49,24.23,24.82,24.15,28340.52
2026-01-20,24.19,25.49,25.89,23.95,84545.62
2026-01-21,25.19,25.44,25.83,24.72,48008.74
2026-01-22,25.5,25.5,26.24,25.17,45019.74
2026-01-23,25.81,26.49,26.9,25.6,56845.46
2026-01-26,26.88,27.56,30.1,26.88,132337.37
2026-01-27,27.55,26.5,27.56,25.72,80177.87
2026-01-28,26.9,26.2,26.98,26.02,36562.14
2026-01-29,26.43,25.67,26.98,25.54,44759.93
2026-01-30,25.6,26.65,26.94,25.29,46952.26
2026-02-02,26.54,25.63,26.73,25.6,36346.68
2026-02-03,25.97,26.3,26.85,25.53,44543.68
2026-02-04,26.12,25.27,26.33,25.03,42739.63
2026-02-05,25.26,25.09,25.5,25.06,27797.55
2026-02-06,25.1,25.11,26.09,24.9,43462.15
2026-02-09,25.55,25.16,25.67,25.08,27528.78
2026-02-10,25.16,24.9,25.29,24.74,28167.66
2026-02-11,25.0,25.0,25.69,24.89,29706.1
2026-02-12,25.02,24.72,25.3,24.65,22433.19
2026-02-13,24.72,25.07,25.46,24.36,26647.63
2026-02-24,25.36,25.27,25.5,24.91,20419.79
2026-02-25,25.36,25.32,25.45,25.16,18530.33
2026-02-26,25.32,25.19,25.48,25.07,21051.27
2026-02-27,25.11,26.1,26.37,24.64,41941.88
2026-03-02,26.03,26.14,27.38,25.4,60650.9
2026-03-03,26.07,24.39,26.14,24.38,59189.46
2026-03-04,24.17,24.32,24.73,24.01,24885.59
2026-03-05,24.63,24.85,25.3,24.4,28880.33
2026-03-06,24.85,25.85,26.0,24.79,40927.71
2026-03-09,25.47,24.79,25.66,24.2,46247.68
2026-03-10,25.15,25.42,25.55,24.95,32568.23
2026-03-11,25.48,24.86,25.59,24.81,23713.03
2026-03-12,24.86,25.88,27.35,24.86,88511.63
2026-03-13,26.13,25.36,26.3,25.24,51140.78
2026-03-16,25.12,24.76,25.27,24.66,33435.85
2026-03-17,24.81,23.78,24.9,23.76,42415.08
2026-03-18,23.9,24.41,24.6,23.82,25362.2
2026-03-19,24.38,23.46,24.38,23.35,27663.04
2026-03-20,23.74,22.75,23.88,22.68,29790.84
2026-03-23,22.52,21.31,22.62,21.14,33471.75
2026-03-24,22.16,22.62,22.72,21.67,38298.58
2026-03-25,22.66,23.08,23.29,22.66,19596.56
2026-03-26,23.04,22.57,23.35,22.38,19913.51
2026-03-27,22.57,22.43,22.76,22.28,25381.62
2026-03-30,22.13,22.58,22.62,22.04,23169.04
2026-03-31,22.83,22.09,22.88,22.08,19090.33
2026-04-01,22.59,22.4,22.64,22.16,15018.37
2026-04-02,22.3,21.65,22.38,21.42,23986.64
2026-04-03,21.78,21.07,21.88,20.93,18914.9
2026-04-07,21.48,21.54,21.79,21.03,16147.0
