date,open,close,high,low,volume
2019-01-02,13.46,13.52,13.67,13.39,5004.0
2019-01-03,13.47,13.63,13.66,13.4,4835.88
2019-01-04,13.66,14.4,14.64,13.42,14094.7
2019-01-07,14.38,14.49,14.54,14.17,9287.28
2019-01-08,14.48,14.3,14.54,14.25,6322.8
2019-01-09,14.27,14.22,14.54,14.22,9109.64
2019-01-10,14.22,14.22,14.46,14.2,5214.34
2019-01-11,14.22,14.42,14.44,14.21,4862.97
2019-01-14,14.42,14.34,14.63,14.3,4730.84
2019-01-15,14.53,14.75,14.83,14.29,16245.17
2019-01-16,14.67,14.98,15.08,14.61,15966.99
2019-01-17,14.93,14.39,15.01,14.39,11929.32
2019-01-18,14.51,14.55,14.6,14.32,7538.32
2019-01-21,14.51,14.78,14.88,14.47,7268.52
2019-01-22,14.75,14.54,14.81,14.48,6614.6
2019-01-23,14.48,14.8,14.81,14.48,6746.92
2019-01-24,14.81,14.6,14.85,14.48,11064.4
2019-01-25,14.6,14.26,14.64,14.13,7788.52
2019-01-28,14.43,13.98,14.43,13.98,5889.6
2019-01-29,13.94,13.68,14.05,13.43,5494.0
2019-01-30,13.58,13.56,13.89,13.56,3213.88
2019-01-31,13.68,13.66,13.71,13.47,3310.68
2019-02-01,13.57,13.84,13.93,13.57,5284.0
2019-02-11,13.67,14.11,14.16,13.67,4699.4
2019-02-12,14.11,14.26,14.32,14.01,5755.4
2019-02-13,14.33,14.59,14.7,14.24,14112.06
2019-02-14,14.63,14.59,14.67,14.47,10142.92
2019-02-15,14.59,14.8,15.28,14.55,18795.84
2019-02-18,14.96,15.64,15.85,14.96,27965.47
2019-02-19,15.51,15.59,15.77,15.28,24724.09
2019-02-20,15.43,15.29,15.59,15.04,15264.82
2019-02-21,15.41,15.1,15.59,14.99,14836.08
2019-02-22,15.25,15.5,15.54,15.09,13946.98
2019-02-25,15.65,16.12,16.25,15.53,21181.13
2019-02-26,16.12,16.07,16.42,15.82,18936.84
2019-02-27,16.0,15.61,16.19,15.44,16947.62
2019-02-28,15.72,15.8,15.88,15.56,10464.13
2019-03-01,15.79,15.78,15.93,15.49,8567.64
2019-03-04,16.03,17.36,17.36,15.99,35795.84
2019-03-05,17.72,18.45,18.94,17.43,79969.36
2019-03-06,18.01,18.12,18.29,17.63,54962.78
2019-03-07,17.85,18.41,18.55,17.61,55567.68
2019-03-08,18.08,17.26,18.19,17.1,35349.08
2019-03-11,17.71,17.89,17.89,17.3,21151.52
2019-03-12,17.88,18.06,18.46,17.78,32971.85
2019-03-13,18.21,18.7,19.35,17.5,59553.88
2019-03-14,18.32,17.96,18.51,17.72,22304.74
2019-03-15,18.1,17.86,18.12,17.72,15555.96
2019-03-18,17.86,18.0,18.01,17.53,17311.43
2019-03-19,17.9,18.12,18.38,17.89,15145.55
2019-03-20,18.45,17.96,18.45,17.72,13597.3
2019-03-21,17.87,18.01,18.14,17.82,12486.24
2019-03-22,18.03,17.95,18.03,17.51,12214.98
2019-03-25,17.66,17.68,17.81,17.6,9813.96
2019-03-26,17.68,16.86,17.77,16.86,18401.4
2019-03-27,17.01,16.69,17.07,16.49,10414.04
2019-03-28,16.73,16.66,16.99,16.6,7768.6
2019-03-29,16.57,16.99,17.05,16.43,10384.56
2019-04-01,16.88,17.36,17.38,16.86,16565.92
2019-04-02,17.39,17.43,17.46,17.27,12079.12
2019-04-03,17.38,17.48,17.62,17.32,12240.12
2019-04-04,17.55,17.32,17.6,17.2,11619.48
2019-04-08,17.41,16.97,17.41,16.82,13584.24
2019-04-09,17.04,17.71,17.84,16.85,20013.7
2019-04-10,17.54,17.72,17.77,17.39,12789.88
2019-04-11,17.72,17.7,17.96,17.49,14705.9
2019-04-12,17.7,18.2,18.38,17.44,22879.48
2019-04-15,18.22,18.85,19.11,18.0,51773.36
2019-04-16,18.68,18.96,19.52,17.81,47025.16
2019-04-17,18.87,18.67,19.4,18.48,50847.96
2019-04-18,18.68,18.09,19.3,18.08,21075.08
2019-04-19,17.96,17.51,17.96,17.26,21954.7
2019-04-22,17.51,17.44,17.61,17.37,8957.72
2019-04-23,17.38,17.31,17.54,17.28,6096.32
2019-04-24,17.48,17.34,17.48,16.98,7655.2
2019-04-25,17.3,16.7,17.31,16.66,8955.4
2019-04-26,16.69,16.48,16.86,16.47,6717.0
2019-04-29,16.27,15.37,16.27,15.37,20815.0
2019-04-30,15.37,15.36,15.56,15.12,9243.85
2019-05-06,15.28,14.41,15.28,14.17,9876.92
2019-05-07,14.44,14.63,14.65,14.38,6687.91
2019-05-08,14.51,14.68,14.88,14.29,3966.92
2019-05-09,14.6,14.94,15.31,14.49,5336.8
2019-05-10,15.08,15.38,15.4,14.86,6630.96
2019-05-13,15.31,15.59,15.82,15.13,5144.73
2019-05-14,15.75,15.56,15.8,15.32,4886.4
2019-05-15,15.56,15.66,15.88,15.51,6171.6
2019-05-16,15.83,15.96,16.01,15.66,5204.48
2019-05-17,15.98,15.51,16.01,15.32,7456.39
2019-05-20,15.37,15.62,15.72,15.26,2983.12
2019-05-21,15.69,15.83,15.85,15.63,2377.64
2019-05-22,15.87,15.86,16.19,15.6,3656.36
2019-05-23,15.79,15.68,15.91,15.49,2981.8
2019-05-24,15.58,15.59,15.89,15.55,2331.04
2019-05-27,15.44,15.84,15.87,15.24,3313.64
2019-05-28,15.85,16.01,16.09,15.85,3575.24
2019-05-29,15.81,16.25,16.25,15.81,4335.72
2019-05-30,16.27,16.11,16.27,15.94,4425.12
2019-05-31,15.92,16.17,16.27,15.92,1982.6
2019-06-03,15.92,15.85,16.29,15.78,2987.56
2019-06-04,15.87,15.54,16.0,15.43,2866.48
2019-06-05,15.64,15.91,16.0,15.64,3424.44
2019-06-06,16.01,15.05,16.15,15.05,4556.55
2019-06-10,15.1,15.2,15.42,14.87,2496.2
2019-06-11,15.21,15.78,15.88,15.21,4333.48
2019-06-12,15.78,15.86,15.99,15.61,3760.92
2019-06-13,16.01,15.9,16.04,15.82,2377.86
2019-06-14,16.13,15.51,16.15,15.49,4785.68
2019-06-17,15.91,15.74,16.15,15.68,3843.57
2019-06-18,15.91,15.91,16.01,15.77,2832.67
2019-06-19,15.99,15.94,16.35,15.92,4885.8
2019-06-20,15.88,15.99,16.09,15.78,4236.39
2019-06-21,16.09,16.24,16.29,16.03,6217.36
2019-06-24,16.25,16.1,16.39,15.89,5693.03
2019-06-25,16.15,15.97,16.28,15.96,3156.76
2019-06-26,15.91,16.43,16.59,15.91,6822.15
2019-06-27,16.42,16.14,16.42,16.03,8526.27
2019-06-28,16.15,15.76,16.15,15.63,5796.12
2019-07-01,16.0,16.05,16.18,15.92,6036.8
2019-07-02,15.97,16.34,16.46,15.96,9505.77
2019-07-03,16.31,16.26,16.38,16.19,4763.0
2019-07-04,16.18,16.11,16.34,15.92,4152.84
2019-07-05,16.01,16.04,16.16,16.01,2173.12
2019-07-08,15.97,15.34,16.1,15.34,5310.28
2019-07-09,15.5,15.14,15.52,15.1,3301.12
2019-07-10,15.25,15.26,15.5,15.2,2025.57
2019-07-11,15.29,15.24,15.5,15.19,1882.52
2019-07-12,15.36,15.29,15.36,15.15,1501.0
2019-07-15,15.4,15.48,15.51,15.05,2614.48
2019-07-16,15.49,15.34,15.58,15.26,2088.0
2019-07-17,15.36,15.39,15.44,15.25,1719.0
2019-07-18,15.48,14.85,15.48,14.83,4909.36
2019-07-19,14.76,14.97,15.07,14.72,2322.4
2019-07-22,14.85,14.52,14.94,14.25,3013.2
2019-07-23,14.53,14.74,14.79,14.34,1419.8
2019-07-24,14.73,14.93,15.02,14.7,2282.64
2019-07-25,14.9,15.24,15.35,14.85,3818.6
2019-07-26,15.24,15.09,15.35,15.02,1816.84
2019-07-29,15.38,15.05,15.38,14.94,1131.12
2019-07-30,15.19,15.0,15.28,14.74,2013.76
2019-07-31,15.07,15.14,15.16,15.03,1902.68
2019-08-01,14.95,15.0,15.12,14.78,1459.72
2019-08-02,14.76,14.7,14.77,13.98,2893.92
2019-08-05,14.75,14.69,14.88,14.49,2837.44
2019-08-06,14.56,14.2,14.56,13.99,3879.0
2019-08-07,14.14,14.09,14.31,14.01,2058.8
2019-08-08,14.09,14.16,14.22,14.09,1355.52
2019-08-09,14.09,14.15,14.37,14.09,2214.0
2019-08-12,14.25,14.21,14.25,14.11,1554.15
2019-08-13,13.99,14.38,14.4,13.99,1930.92
2019-08-14,14.42,14.51,14.58,14.39,1834.26
2019-08-15,14.47,14.42,14.47,14.09,1670.32
2019-08-16,14.64,14.38,14.65,14.37,2846.6
2019-08-19,14.5,14.85,14.92,14.35,4329.56
2019-08-20,14.79,14.87,15.04,14.75,2994.56
2019-08-21,14.87,14.86,14.96,14.83,2217.24
2019-08-22,15.33,14.74,15.33,14.71,2934.8
2019-08-23,14.88,14.8,14.92,14.71,2908.0
2019-08-26,14.35,14.66,14.73,14.35,1923.6
2019-08-27,14.85,14.77,14.91,14.68,2119.12
2019-08-28,14.88,14.66,14.88,14.66,1981.28
2019-08-29,14.76,14.59,14.79,14.57,1805.72
2019-08-30,14.75,14.42,14.75,14.37,1977.12
2019-09-02,14.43,14.67,14.71,14.42,2317.39
2019-09-03,14.74,14.73,14.74,14.62,2136.36
2019-09-04,14.83,14.79,14.83,14.66,3960.2
2019-09-05,14.87,14.8,15.09,14.79,7836.04
2019-09-06,15.03,15.01,15.03,14.85,3971.36
2019-09-09,15.1,15.38,15.5,15.02,7371.88
2019-09-10,15.39,15.43,15.47,15.19,4696.2
2019-09-11,15.96,15.21,15.96,15.14,11091.76
2019-09-12,15.22,15.27,15.4,15.05,5422.36
2019-09-16,15.23,15.35,15.47,15.23,4126.72
2019-09-17,15.35,14.83,15.5,14.75,6639.6
2019-09-18,14.82,15.08,15.19,14.82,4346.6
2019-09-19,15.14,15.69,15.82,14.99,9983.2
2019-09-20,15.69,15.61,15.87,15.56,6106.64
2019-09-23,15.62,15.7,15.81,15.43,3837.2
2019-09-24,15.83,15.6,15.83,15.54,3468.28
2019-09-25,15.43,15.22,15.6,15.09,3979.6
2019-09-26,15.08,14.67,15.26,14.48,3927.2
2019-09-27,14.84,15.43,15.84,14.67,8267.27
2019-09-30,15.5,14.9,15.5,14.67,5192.48
2019-10-08,15.03,15.11,15.4,14.76,5152.56
2019-10-09,15.18,15.64,15.81,14.85,8256.24
2019-10-10,15.61,15.6,15.72,15.43,6331.19
2019-10-11,15.67,15.46,15.71,15.1,7863.64
2019-10-14,15.52,15.59,15.68,15.47,6909.24
2019-10-15,15.58,15.53,15.61,15.28,6777.76
2019-10-16,15.52,15.81,15.85,15.05,15057.64
2019-10-17,15.79,16.22,16.26,15.69,18980.72
2019-10-18,16.18,16.0,17.23,15.6,31075.8
2019-10-21,15.73,15.09,15.73,15.02,11753.54
2019-10-22,15.07,15.08,15.2,14.97,6537.63
2019-10-23,15.17,15.05,15.24,14.99,4885.88
2019-10-24,15.05,15.11,15.13,14.99,5770.4
2019-10-25,15.05,15.22,15.28,14.76,6974.64
2019-10-28,15.17,15.49,15.6,14.79,9446.72
2019-10-29,15.38,15.16,15.58,15.14,5563.72
2019-10-30,15.2,14.79,15.25,14.78,7625.2
2019-10-31,14.79,14.44,14.94,14.32,4636.0
2019-11-01,14.53,14.52,14.61,14.24,3407.15
2019-11-04,14.61,14.55,14.61,14.49,3123.8
2019-11-05,14.51,14.52,14.62,14.41,1885.12
2019-11-06,14.53,14.38,14.57,14.33,1809.63
2019-11-07,14.46,14.35,14.46,14.24,4268.08
2019-11-08,14.45,14.22,14.45,14.2,3444.86
2019-11-11,14.19,14.18,14.24,13.6,5815.48
2019-11-12,13.97,13.88,13.97,13.76,2581.44
2019-11-13,13.89,13.71,13.89,13.63,2107.2
2019-11-14,13.79,13.8,13.85,13.71,2209.16
2019-11-15,13.84,13.62,13.88,13.62,1932.2
2019-11-18,14.03,13.74,14.03,13.68,1948.75
2019-11-19,13.71,13.98,13.98,13.71,1727.0
2019-11-20,13.96,13.97,14.13,13.9,1975.88
2019-11-21,13.93,14.01,14.13,13.83,1679.64
2019-11-22,13.86,13.76,14.13,13.7,2042.6
2019-11-25,13.84,13.87,14.03,13.76,1632.72
2019-11-26,13.79,13.81,13.97,13.66,2318.6
2019-11-27,13.79,13.59,13.82,13.58,2123.6
2019-11-28,13.74,13.52,13.74,13.48,2422.0
2019-11-29,13.46,13.53,13.58,13.44,1918.18
2019-12-02,13.53,13.5,13.63,13.47,2467.84
2019-12-03,13.46,13.5,13.54,13.36,1389.96
2019-12-04,13.51,13.6,14.08,13.44,4714.8
2019-12-05,13.6,13.64,13.78,13.5,4579.16
2019-12-06,13.58,13.8,13.81,13.58,4221.49
2019-12-09,13.8,13.79,13.85,13.72,3757.53
2019-12-10,13.78,14.16,14.41,13.67,7584.75
2019-12-11,14.08,13.97,14.26,13.91,4575.32
2019-12-12,13.99,13.99,14.35,13.92,7265.0
2019-12-13,14.01,14.18,14.19,13.96,10154.2
2019-12-16,14.16,14.36,14.52,14.05,9886.34
2019-12-17,14.25,14.35,14.4,14.2,12378.56
2019-12-18,14.47,14.4,14.5,14.3,8373.88
2019-12-19,14.42,14.42,14.56,14.32,5129.48
2019-12-20,14.42,14.19,14.43,14.18,5359.24
2019-12-23,14.19,13.82,14.26,13.82,4759.86
2019-12-24,13.82,14.07,14.1,13.82,4637.8
2019-12-25,14.09,14.24,14.32,14.04,3795.16
2019-12-26,14.24,14.7,15.3,14.21,18479.1
2019-12-27,14.83,14.37,14.83,14.34,11302.07
2019-12-30,14.24,14.52,14.54,14.09,7166.58
2019-12-31,14.52,14.45,14.53,14.29,4479.84
2020-01-02,14.56,14.64,14.7,14.51,7260.87
2020-01-03,14.64,14.63,14.74,14.5,5865.52
2020-01-06,14.68,14.77,14.81,14.57,9055.8
2020-01-07,14.71,14.9,14.99,14.71,7129.92
2020-01-08,14.9,14.52,14.9,14.52,7777.8
2020-01-09,14.75,14.9,14.91,14.56,8326.41
2020-01-10,14.91,14.83,15.05,14.81,6399.09
2020-01-13,14.83,14.84,14.9,14.75,5070.2
2020-01-14,14.85,14.84,14.95,14.79,5254.57
2020-01-15,14.85,14.69,14.89,14.58,5360.8
2020-01-16,14.66,14.62,14.8,14.54,6909.36
2020-01-17,14.5,14.58,14.67,14.5,4869.84
2020-01-20,14.61,14.58,14.66,14.47,7817.16
2020-01-21,14.59,14.39,14.63,14.39,6471.53
2020-01-22,14.35,14.34,14.56,14.05,5813.08
2020-01-23,14.34,13.93,14.44,13.83,8156.7
2020-02-03,12.54,12.54,12.54,12.54,2336.0
2020-02-04,11.28,11.83,12.43,11.28,13186.05
2020-02-05,11.93,12.09,12.3,11.88,7338.46
2020-02-06,11.96,12.81,12.96,11.77,15157.79
2020-02-07,12.69,12.75,12.8,12.52,10357.56
2020-02-10,12.7,13.02,13.34,12.63,8944.85
2020-02-11,12.97,13.03,13.33,12.91,6758.33
2020-02-12,12.96,13.25,13.4,12.93,6653.58
2020-02-13,13.26,13.47,13.51,13.1,10682.85
2020-02-14,13.41,13.21,13.47,13.07,7635.69
2020-02-17,13.24,13.55,13.61,13.19,8301.18
2020-02-18,13.48,13.78,13.79,13.48,9628.84
2020-02-19,13.75,13.77,13.92,13.62,9792.84
2020-02-20,13.64,14.42,14.99,12.39,26372.48
2020-02-21,14.41,14.17,14.41,14.0,18042.24
2020-02-24,14.04,14.28,14.39,13.96,14761.44
2020-02-25,13.92,13.95,14.06,13.5,14375.68
2020-02-26,13.94,13.89,14.18,13.62,14696.06
2020-02-27,13.98,13.8,14.03,13.62,8144.12
2020-02-28,13.66,12.87,13.66,12.85,13820.29
2020-03-02,12.98,13.46,13.47,12.96,6924.93
2020-03-03,13.51,13.6,13.91,13.44,9100.8
2020-03-04,13.59,13.96,14.04,13.39,10379.63
2020-03-05,14.11,14.54,14.61,14.02,20231.02
2020-03-06,14.28,14.65,14.84,14.27,14175.25
2020-03-09,14.61,14.09,14.61,14.08,10112.31
2020-03-10,13.85,14.56,14.6,13.63,12101.64
2020-03-11,14.61,14.34,14.75,14.34,9502.87
2020-03-12,14.18,14.13,14.32,13.94,9168.88
2020-03-13,13.52,13.91,14.0,13.31,9959.4
2020-03-16,13.96,13.24,14.25,13.21,11099.0
2020-03-17,13.27,13.5,13.78,12.98,8043.86
2020-03-18,13.55,13.36,13.95,13.36,7314.52
2020-03-19,13.34,13.47,13.55,13.03,5626.28
2020-03-20,13.54,13.68,13.75,13.41,6518.92
2020-03-23,13.51,13.29,13.55,13.17,5439.0
2020-03-24,13.42,13.49,13.72,13.24,5879.68
2020-03-25,13.71,13.7,13.84,13.5,11215.2
2020-03-26,13.68,13.55,13.75,13.5,6078.86
2020-03-27,13.58,13.43,13.7,13.35,5648.35
2020-03-30,13.43,12.93,13.43,12.83,6367.2
2020-03-31,13.11,13.02,13.23,12.54,5507.2
2020-04-01,13.08,12.62,13.17,12.6,7036.08
2020-04-02,12.58,12.85,12.91,12.42,4426.0
2020-04-03,12.79,12.68,12.92,12.56,2878.1
2020-04-07,12.88,13.05,13.07,12.88,5631.39
2020-04-08,13.04,13.35,13.37,12.95,6490.55
2020-04-09,13.34,13.5,13.61,13.23,6214.04
2020-04-10,13.51,13.2,13.58,12.54,6187.59
2020-04-13,13.1,12.81,13.29,12.71,3693.28
2020-04-14,13.02,12.86,13.07,12.67,6013.04
2020-04-15,12.91,12.74,12.95,12.64,4803.74
2020-04-16,12.83,12.7,12.83,12.39,6300.71
2020-04-17,12.74,12.66,12.83,12.63,4747.88
2020-04-20,12.7,12.84,12.86,12.57,6922.36
2020-04-21,13.07,12.61,13.07,12.54,7350.2
2020-04-22,12.56,12.66,12.72,12.48,6030.0
2020-04-23,12.77,12.81,12.87,12.56,7176.68
2020-04-24,12.77,12.75,12.89,12.63,7619.52
2020-04-27,12.77,12.76,12.93,12.68,8465.76
2020-04-28,12.82,12.15,12.83,12.06,6376.0
2020-04-29,12.16,12.1,12.31,11.86,7917.02
2020-04-30,12.09,12.92,12.96,11.98,13194.92
2020-05-06,12.86,13.38,13.4,12.66,18939.31
2020-05-07,13.33,13.69,14.48,13.14,40555.25
2020-05-08,13.32,13.01,13.4,12.89,26693.92
2020-05-11,13.02,13.01,13.14,12.85,11645.25
2020-05-12,12.98,12.76,12.99,12.61,8910.58
2020-05-13,12.69,12.77,12.87,12.69,4917.41
2020-05-14,12.64,12.6,12.71,12.58,5648.96
2020-05-15,12.63,12.68,12.75,12.59,5616.84
2020-05-18,12.59,12.71,12.81,12.59,5558.12
2020-05-19,12.69,12.63,12.69,12.54,6274.88
2020-05-20,12.63,12.42,12.63,12.37,4397.84
2020-05-21,12.33,12.54,12.61,12.33,5774.76
2020-05-22,12.45,12.61,12.77,12.44,9219.52
2020-05-25,12.55,12.52,12.6,12.34,3899.6
2020-05-26,12.63,12.82,12.83,12.54,6690.36
2020-05-27,12.78,12.88,13.0,12.75,6355.28
2020-05-28,12.91,12.58,12.91,12.37,7974.52
2020-05-29,12.52,12.5,12.7,12.5,4207.2
2020-06-01,12.62,12.87,12.88,12.45,7419.9
2020-06-02,12.87,13.0,13.11,12.87,7276.24
2020-06-03,13.0,12.9,13.09,12.9,5452.12
2020-06-04,13.04,12.99,13.04,12.9,4802.7
2020-06-05,13.01,13.13,13.13,12.86,7952.96
2020-06-08,13.14,13.59,13.71,13.02,15062.74
2020-06-09,13.51,14.01,14.09,13.31,42794.16
2020-06-10,13.92,13.37,13.92,13.37,20069.28
2020-06-11,13.34,13.18,13.43,13.18,11536.56
2020-06-12,13.03,13.17,13.24,12.92,7576.12
2020-06-15,13.1,13.11,13.29,13.03,5264.72
2020-06-16,13.19,13.45,13.54,13.14,9467.16
2020-06-17,13.44,13.41,13.52,13.18,7051.6
2020-06-18,13.37,13.55,13.57,13.37,8325.68
2020-06-19,13.55,13.76,13.8,13.46,14555.4
2020-06-22,13.71,13.7,13.97,13.69,10762.24
2020-06-23,13.81,13.7,13.86,13.56,15525.77
2020-06-24,13.77,13.42,13.83,13.41,9286.29
2020-06-29,13.45,13.15,13.45,13.1,8346.33
2020-06-30,13.2,13.35,13.46,13.2,9421.24
2020-07-01,13.36,13.33,13.65,13.23,9123.33
2020-07-02,13.33,13.41,13.47,13.24,9374.88
2020-07-03,13.44,13.41,13.5,13.32,17022.4
2020-07-06,13.51,13.81,13.84,13.46,29641.4
2020-07-07,13.88,13.8,14.0,13.7,30337.73
2020-07-08,13.86,14.02,14.13,13.72,22854.2
2020-07-09,14.03,14.35,14.41,14.0,26494.44
2020-07-10,14.35,14.09,14.47,14.07,20398.88
2020-07-13,14.09,14.59,14.62,14.09,19965.87
2020-07-14,14.61,14.65,14.94,13.6,25023.13
2020-07-15,14.67,14.17,14.94,14.16,20452.11
2020-07-16,14.18,13.77,14.31,13.75,13171.88
2020-07-17,13.9,13.97,14.06,13.62,11232.4
2020-07-20,14.04,14.58,14.63,14.04,17323.8
2020-07-21,14.64,14.53,14.81,14.44,11044.55
2020-07-22,14.46,14.82,14.94,14.46,23676.82
2020-07-23,14.62,14.4,14.66,14.14,19869.44
2020-07-24,14.4,14.12,14.57,14.04,13926.47
2020-07-27,14.11,14.01,14.26,13.84,9761.67
2020-07-28,14.14,14.52,15.41,14.14,29112.96
2020-07-29,14.43,14.53,14.57,14.09,16416.2
2020-07-30,14.44,14.46,14.68,14.41,20675.01
2020-07-31,14.35,14.6,14.67,14.33,17384.41
2020-08-03,14.75,14.97,15.06,14.68,23073.76
2020-08-04,14.92,14.72,14.98,14.6,17293.52
2020-08-05,14.85,14.93,14.97,14.63,12823.33
2020-08-06,14.93,15.24,15.69,14.86,35595.6
2020-08-07,15.21,14.92,15.26,14.69,20767.15
2020-08-10,14.95,15.49,15.62,14.82,25452.4
2020-08-11,15.35,15.04,15.54,14.98,17991.8
2020-08-12,14.87,15.16,15.21,14.72,14292.98
2020-08-13,15.16,15.35,15.66,14.98,15623.5
2020-08-14,15.29,15.25,15.48,14.85,11904.2
2020-08-17,15.25,15.32,15.38,15.06,20266.09
2020-08-18,15.31,15.13,15.35,15.04,12414.0
2020-08-19,15.13,14.91,15.17,14.89,12457.16
2020-08-20,14.9,14.78,14.92,14.75,8075.28
2020-08-21,14.91,14.77,15.21,14.74,12413.38
2020-08-24,14.79,14.93,14.95,14.63,8357.64
2020-08-25,14.89,15.06,15.3,14.78,11549.96
2020-08-26,15.03,14.45,15.22,14.34,16754.89
2020-08-27,14.57,14.73,14.75,14.28,10925.44
2020-08-28,14.88,14.88,14.98,14.57,10512.36
2020-08-31,14.79,14.7,15.02,14.64,10840.84
2020-09-01,14.79,14.87,14.96,14.6,8034.68
2020-09-02,14.84,14.79,14.92,14.65,8993.16
2020-09-03,14.69,14.4,14.82,14.36,13417.06
2020-09-04,14.25,14.4,14.41,14.12,7958.08
2020-09-07,14.54,14.25,14.82,14.21,12694.2
2020-09-08,14.29,15.22,15.45,14.18,36589.85
2020-09-09,15.17,15.62,15.73,15.01,47047.84
2020-09-10,15.54,16.77,16.77,15.35,59696.96
2020-09-11,17.67,15.77,18.33,15.37,128186.14
2020-09-14,14.2,14.67,14.85,14.2,67722.96
2020-09-15,14.26,14.19,14.38,13.9,29662.35
2020-09-16,14.17,13.68,14.18,13.64,24737.17
2020-09-17,13.6,13.79,13.85,13.49,15114.72
2020-09-18,13.74,13.87,13.91,13.6,11577.0
2020-09-21,13.88,13.95,14.07,13.75,11079.84
2020-09-22,13.91,13.72,13.91,13.7,7697.0
2020-09-23,13.74,13.78,13.84,13.7,8247.96
2020-09-24,13.64,13.51,13.69,13.41,10211.16
2020-09-25,13.79,13.85,13.98,13.4,9777.2
2020-09-28,13.84,13.73,14.14,13.7,9683.31
2020-09-29,14.04,13.78,14.04,13.7,6404.72
2020-09-30,13.78,13.84,13.91,13.72,5631.0
2020-10-09,13.94,14.04,14.18,13.92,7794.28
2020-10-12,14.04,14.25,14.33,14.02,11839.8
2020-10-13,14.25,14.14,14.25,14.09,9460.96
2020-10-14,14.09,14.16,14.29,14.09,7139.32
2020-10-15,14.16,14.03,14.22,13.97,5866.0
2020-10-16,13.94,14.0,14.08,13.91,5363.0
2020-10-19,14.14,14.06,14.15,14.02,5483.8
2020-10-20,14.01,14.25,14.28,13.97,7423.0
2020-10-21,14.33,14.16,14.33,14.04,5075.44
2020-10-22,14.24,14.14,14.28,13.95,5503.16
2020-10-23,14.16,14.04,14.25,14.01,4619.0
2020-10-26,14.0,13.98,14.1,13.8,4668.4
2020-10-27,13.91,13.99,14.05,13.91,3694.44
2020-10-28,13.9,14.1,14.19,13.79,8270.2
2020-10-29,13.7,13.85,14.04,13.7,6310.2
2020-10-30,13.88,13.33,13.88,13.31,6850.6
2020-11-02,13.23,13.38,13.59,13.23,5557.16
2020-11-03,13.54,13.62,13.7,13.38,5903.6
2020-11-04,13.65,13.52,13.78,13.45,4587.0
2020-11-05,13.6,13.59,13.79,13.51,7750.56
2020-11-06,13.64,13.59,13.64,13.44,5724.72
2020-11-09,13.71,13.83,13.95,13.61,9135.8
2020-11-10,13.92,13.77,13.92,13.69,5131.0
2020-11-11,13.97,13.63,13.97,13.6,3803.52
2020-11-12,13.65,13.63,13.7,13.56,2152.0
2020-11-13,13.55,13.39,13.6,13.21,7589.4
2020-11-16,13.4,13.5,13.55,13.35,4661.2
2020-11-17,13.42,13.74,13.74,13.36,10293.03
2020-11-18,13.74,13.91,14.01,13.73,15376.8
2020-11-19,14.07,14.04,14.14,13.88,7660.0
2020-11-20,14.04,14.06,14.11,13.91,5096.64
2020-11-23,14.18,14.2,14.25,14.1,10745.6
2020-11-24,14.09,14.06,14.25,13.92,8924.6
2020-11-25,14.0,13.91,14.18,13.88,5286.48
2020-11-26,13.82,13.62,13.97,13.55,7170.6
2020-11-27,13.66,14.04,14.04,13.56,9425.68
2020-11-30,13.98,14.09,14.42,13.91,14648.2
2020-12-01,13.99,14.77,14.94,13.99,33271.61
2020-12-02,14.77,14.65,14.89,14.55,17347.69
2020-12-03,14.65,14.68,15.04,14.45,12492.61
2020-12-04,14.66,15.34,15.34,14.49,23286.72
2020-12-07,15.17,14.82,15.94,14.67,34553.38
2020-12-08,14.71,15.05,15.33,14.58,16532.24
2020-12-09,14.96,14.75,15.3,14.73,12862.96
2020-12-10,14.72,14.79,15.19,14.67,12453.6
2020-12-11,14.88,14.08,14.94,13.92,16610.32
2020-12-14,14.09,14.02,14.46,13.75,8628.56
2020-12-15,13.77,13.94,14.07,13.75,5401.4
2020-12-16,13.81,13.65,13.97,13.53,8022.07
2020-12-17,13.9,13.83,13.92,13.47,5328.35
2020-12-18,13.83,14.03,14.16,13.63,6111.0
2020-12-21,14.3,14.96,15.21,14.0,28825.23
2020-12-22,14.89,14.56,15.06,14.53,12572.15
2020-12-23,14.55,15.22,15.38,14.53,20973.72
2020-12-24,15.16,15.08,15.3,14.85,12087.8
2020-12-25,14.91,14.94,15.15,14.63,9748.6
2020-12-28,14.82,14.55,14.94,14.54,10640.28
2020-12-29,14.54,13.93,14.55,13.91,11896.32
2020-12-30,13.94,13.91,14.07,13.9,6523.2
2020-12-31,13.91,14.26,14.33,13.74,8290.12
2021-01-04,14.26,14.38,14.43,14.15,8054.6
2021-01-05,14.33,13.97,14.35,13.9,9897.96
2021-01-06,13.98,13.56,13.99,13.41,13575.3
2021-01-07,13.44,12.82,13.56,12.59,16193.12
2021-01-08,12.83,13.02,13.11,12.32,11035.16
2021-01-11,12.76,12.11,12.97,12.09,13535.32
2021-01-12,12.4,12.05,12.45,11.95,8348.58
2021-01-13,12.1,11.22,12.15,11.17,18719.0
2021-01-14,11.08,11.33,11.56,10.79,30015.04
2021-01-15,11.37,11.57,11.82,11.31,23622.8
2021-01-18,11.58,12.46,12.59,11.58,23125.36
2021-01-19,12.28,12.82,13.25,12.27,54100.46
2021-01-20,12.74,12.35,12.82,11.53,24560.5
2021-01-21,12.19,12.36,12.53,12.05,13468.53
2021-01-22,12.34,12.32,12.58,12.1,7955.92
2021-01-25,12.22,12.01,12.32,11.88,10279.52
2021-01-26,12.01,11.88,12.11,11.7,5592.08
2021-01-27,11.88,11.49,11.9,11.46,10151.54
2021-01-28,11.48,11.37,11.7,11.35,5427.2
2021-01-29,11.62,11.1,11.62,10.96,10548.2
2021-02-01,11.25,11.11,11.3,10.98,5728.64
2021-02-02,11.15,11.19,11.35,10.96,5489.36
2021-02-03,11.32,11.01,11.32,10.97,6088.6
2021-02-04,11.05,10.68,11.05,10.54,8423.8
2021-02-05,10.84,10.4,10.91,10.33,7120.08
2021-02-08,10.29,10.14,10.48,10.12,7915.9
2021-02-09,10.24,10.58,10.74,10.05,8343.74
2021-02-10,10.56,11.1,11.35,10.55,9980.52
2021-02-18,11.17,11.16,11.46,11.13,7871.58
2021-02-19,11.17,11.54,11.54,11.09,8846.32
2021-02-22,11.55,11.54,11.8,11.48,10902.96
2021-02-23,11.45,11.72,11.93,11.37,10381.4
2021-02-24,12.0,11.76,12.04,11.63,13959.36
2021-02-25,11.76,11.62,11.82,11.56,7102.28
2021-02-26,11.42,11.68,11.76,11.35,7031.12
2021-03-01,11.71,12.04,12.1,11.71,8767.44
2021-03-02,12.08,12.12,12.24,11.96,6181.16
2021-03-03,12.15,12.1,12.17,11.95,6177.0
2021-03-04,12.12,12.12,12.27,11.85,7915.4
2021-03-05,12.11,12.16,12.18,11.93,5622.6
2021-03-08,12.2,12.17,12.38,12.16,10719.0
2021-03-09,12.19,12.05,12.38,11.82,12908.0
2021-03-10,12.04,11.93,12.19,11.86,6405.64
2021-03-11,11.93,12.08,12.14,11.84,5378.0
2021-03-12,12.13,11.89,12.16,11.85,6195.2
2021-03-15,11.85,11.84,12.04,11.67,6577.6
2021-03-16,11.76,12.19,12.52,11.76,14596.56
2021-03-17,12.24,12.06,12.28,12.02,5806.0
2021-03-18,12.15,12.03,12.15,11.96,4968.4
2021-03-19,11.98,12.19,12.22,11.77,5931.6
2021-03-22,12.02,12.39,12.41,12.02,6265.0
2021-03-23,12.39,12.13,12.44,12.11,5754.28
2021-03-24,12.05,11.96,12.28,11.95,7427.0
2021-03-25,11.95,11.88,12.07,11.74,8001.68
2021-03-26,11.85,12.0,12.03,11.77,3889.28
2021-03-29,12.0,12.27,12.34,11.92,8050.68
2021-03-30,12.46,12.12,12.46,12.05,5060.6
2021-03-31,12.12,12.28,12.34,12.02,5454.6
2021-04-01,12.3,12.7,12.76,12.19,17439.96
2021-04-02,12.98,12.9,12.98,12.49,10888.96
2021-04-06,12.78,13.03,13.26,12.73,16114.8
2021-04-07,13.02,13.03,13.22,12.92,7910.0
2021-04-08,13.02,12.9,13.24,12.83,6680.52
2021-04-09,12.91,12.88,13.02,12.72,5365.6
2021-04-12,12.89,12.77,12.99,12.66,7978.0
2021-04-13,12.65,12.66,12.88,12.65,5415.4
2021-04-14,12.82,12.87,13.0,12.62,6996.6
2021-04-15,12.87,13.03,13.31,12.76,9502.2
2021-04-16,13.11,13.18,13.21,12.92,4559.0
2021-04-19,12.97,12.88,12.97,12.53,18697.32
2021-04-20,12.81,13.07,13.25,12.64,10654.64
2021-04-21,13.12,13.28,13.46,12.88,12730.92
2021-04-22,13.26,12.94,13.61,12.9,16590.46
2021-04-23,12.95,13.22,13.26,12.76,11141.16
2021-04-26,13.32,12.92,13.32,12.81,10381.4
2021-04-27,12.92,12.93,13.1,12.78,7971.16
2021-04-28,12.92,12.79,12.97,12.7,5085.08
2021-04-29,12.79,12.74,12.89,12.72,6725.4
2021-04-30,12.74,13.0,13.17,12.38,15736.56
2021-05-06,13.19,12.74,13.19,12.71,7161.76
2021-05-07,12.8,12.27,12.92,12.22,12102.56
2021-05-10,12.29,12.55,12.69,12.14,7913.44
2021-05-11,12.63,12.79,12.85,12.46,8988.88
2021-05-12,12.78,12.95,13.02,12.63,7508.96
2021-05-13,12.88,12.58,12.88,12.48,6995.2
2021-05-14,12.53,13.85,13.85,12.53,63552.36
2021-05-17,13.66,13.96,14.22,13.41,41180.88
2021-05-18,13.96,14.86,15.24,13.58,79686.88
2021-05-19,14.71,14.97,15.05,14.58,30323.68
2021-05-20,14.99,14.38,15.01,14.34,30545.84
2021-05-21,14.58,14.58,14.72,14.08,18758.8
2021-05-24,14.39,14.0,14.58,13.99,17489.65
2021-05-25,14.0,14.08,14.53,13.87,14500.64
2021-05-26,14.14,14.6,14.83,13.94,17770.8
2021-05-27,14.6,14.44,14.78,14.38,10832.9
2021-05-28,14.44,14.2,14.55,14.08,10461.72
2021-05-31,13.87,14.35,14.44,13.87,6681.6
2021-06-01,14.35,14.62,14.73,14.24,9507.72
2021-06-02,14.62,14.14,14.68,14.11,8819.25
2021-06-03,14.14,14.33,14.59,14.14,7129.94
2021-06-04,14.33,14.77,14.77,14.11,15589.55
2021-06-07,14.84,14.69,15.05,14.62,14314.32
2021-06-08,14.66,14.67,14.9,14.44,8369.84
2021-06-09,14.79,15.0,15.32,14.73,20874.29
2021-06-10,14.93,14.79,15.24,14.57,11041.56
2021-06-11,14.74,14.72,14.93,14.58,7401.28
2021-06-15,14.72,14.89,15.14,14.58,9971.96
2021-06-16,14.88,14.78,15.01,14.57,8428.84
2021-06-17,14.78,14.34,14.89,14.23,14013.77
2021-06-18,14.34,14.45,14.53,14.14,6384.05
2021-06-21,14.27,14.47,14.82,14.27,7165.48
2021-06-22,14.61,14.57,14.74,14.49,6292.36
2021-06-23,14.55,14.31,14.64,14.3,6086.6
2021-06-24,14.29,14.23,14.52,14.14,7659.6
2021-06-25,14.36,14.2,14.47,14.01,6773.4
2021-06-28,14.38,14.26,14.47,13.98,8798.92
2021-06-29,14.23,14.58,14.9,14.22,20732.12
2021-06-30,14.55,14.49,14.64,14.33,6979.2
2021-07-01,14.41,14.29,14.61,14.29,8319.12
2021-07-02,14.44,15.0,15.01,14.19,21958.36
2021-07-05,14.96,16.18,16.5,14.91,77922.64
2021-07-06,16.12,15.75,16.13,15.17,41891.15
2021-07-07,15.72,15.68,15.87,15.35,24068.34
2021-07-08,15.55,15.79,16.09,15.51,26904.0
2021-07-09,15.75,15.35,15.95,15.35,14290.09
2021-07-12,15.42,15.35,15.63,15.27,12932.01
2021-07-13,15.47,15.14,15.47,14.96,14321.48
2021-07-14,14.98,15.15,15.31,14.96,12100.12
2021-07-15,15.14,14.75,15.35,14.67,10360.48
2021-07-16,14.75,14.45,14.85,14.38,8896.56
2021-07-19,14.47,14.69,15.16,13.95,18475.63
2021-07-20,14.57,14.56,14.81,14.45,19893.58
2021-07-21,14.57,14.5,14.67,14.38,7669.0
2021-07-22,14.57,14.18,14.65,14.18,9889.0
2021-07-23,14.26,13.48,14.27,13.21,22405.99
2021-07-26,13.4,12.96,13.54,12.75,14718.14
2021-07-27,13.04,12.44,13.16,12.36,13558.26
2021-07-28,12.44,11.73,12.44,11.61,26082.2
2021-07-29,11.83,12.03,12.67,11.83,14725.96
2021-07-30,12.11,12.21,12.43,11.99,16885.33
2021-08-02,12.21,12.63,12.66,12.08,21401.32
2021-08-03,12.57,12.56,12.7,12.51,9866.96
2021-08-04,12.49,12.42,12.58,12.32,8485.16
2021-08-05,12.38,12.22,12.48,12.12,9490.4
2021-08-06,12.23,12.33,12.35,12.12,8751.16
2021-08-09,12.27,12.59,12.77,12.26,11126.41
2021-08-10,12.6,12.67,12.89,12.53,9563.24
2021-08-11,12.71,12.75,12.91,12.32,7475.67
2021-08-12,12.74,12.66,12.82,12.64,6254.63
2021-08-13,12.61,12.59,12.74,12.48,8372.84
2021-08-16,12.62,12.52,12.73,12.46,6501.32
2021-08-17,12.56,12.12,12.57,12.04,12945.6
2021-08-18,12.13,12.39,12.4,12.0,7806.0
2021-08-19,12.36,12.49,12.55,12.21,8161.2
2021-08-20,12.42,12.7,12.8,12.23,14987.95
2021-08-23,12.86,12.81,12.86,12.46,21849.95
2021-08-24,12.82,12.82,12.89,12.63,12240.96
2021-08-25,12.71,12.81,12.87,12.62,10039.73
2021-08-26,12.77,12.6,12.8,12.52,11997.1
2021-08-27,12.62,12.42,12.73,12.28,9314.19
2021-08-30,12.04,12.39,12.48,12.04,13085.16
2021-08-31,11.77,12.7,12.71,11.77,18252.52
2021-09-01,12.74,12.42,12.79,12.02,20900.46
2021-09-02,12.37,13.34,13.34,12.08,35314.63
2021-09-03,13.34,12.71,13.4,12.6,47901.2
2021-09-06,12.53,12.58,12.66,12.33,21856.12
2021-09-07,12.47,12.84,12.87,12.45,23465.2
2021-09-08,12.84,12.93,12.97,12.68,22903.48
2021-09-09,13.69,13.13,13.69,12.77,27827.49
2021-09-10,13.09,13.61,13.74,12.93,43198.88
2021-09-13,13.61,13.42,13.61,13.33,22331.52
2021-09-14,13.42,13.29,13.5,13.11,14938.71
2021-09-15,13.29,13.32,13.39,13.11,12167.72
2021-09-16,13.31,13.1,13.4,13.0,14326.97
2021-09-17,13.03,13.35,13.41,12.95,16846.6
2021-09-22,13.3,13.08,13.3,12.88,15851.68
2021-09-23,13.04,12.98,13.2,12.87,15989.39
2021-09-24,12.67,12.41,12.85,11.98,33705.96
2021-09-27,12.32,12.27,12.32,11.85,14772.0
2021-09-28,12.62,12.28,12.62,12.02,12686.36
2021-09-29,12.15,12.36,12.38,11.87,17540.96
2021-09-30,12.29,12.56,12.59,12.13,18440.36
2021-10-08,12.55,12.58,12.64,12.49,15030.52
2021-10-11,12.51,12.8,12.83,12.43,14187.64
2021-10-12,13.02,12.89,13.02,12.59,16384.72
2021-10-13,12.82,13.27,13.35,12.77,27333.98
2021-10-14,13.26,13.33,13.56,13.1,22687.6
2021-10-15,13.59,12.47,13.62,12.24,47534.03
2021-10-18,12.19,12.97,13.09,11.95,29757.99
2021-10-19,12.86,12.94,13.03,12.7,19559.08
2021-10-20,12.96,12.81,13.14,12.68,19720.8
2021-10-21,12.69,12.52,12.94,12.37,19761.91
2021-10-22,12.42,12.37,12.42,12.23,10911.91
2021-10-25,12.33,12.48,12.49,12.06,10674.64
2021-10-26,12.81,12.57,12.81,12.25,15811.88
2021-10-27,12.37,11.92,12.52,11.88,14376.39
2021-10-28,11.87,11.93,12.06,10.95,29872.2
2021-10-29,11.52,11.22,11.97,10.98,42100.92
2021-11-01,11.12,10.9,11.12,10.7,15746.0
2021-11-02,10.87,10.74,10.98,10.67,10832.06
2021-11-03,10.74,10.91,11.02,10.69,8159.08
2021-11-04,10.82,10.91,10.99,10.82,9798.12
2021-11-05,10.93,10.96,11.11,10.86,8565.78
2021-11-08,10.98,10.91,10.99,10.87,4966.4
2021-11-09,10.9,10.94,11.03,10.89,8321.46
2021-11-10,10.95,10.98,10.99,10.74,16085.2
2021-11-11,10.93,11.13,11.21,10.93,13716.76
2021-11-12,11.18,11.34,11.42,11.08,14731.24
2021-11-15,11.4,11.59,11.62,11.38,11151.97
2021-11-16,11.57,11.37,11.65,11.34,10512.0
2021-11-17,11.33,11.79,11.84,11.33,12997.24
2021-11-18,11.89,11.88,12.17,11.74,14461.52
2021-11-19,11.83,12.24,12.29,11.83,15777.6
2021-11-22,12.24,12.26,12.57,12.18,10307.2
2021-11-23,12.44,12.36,12.51,12.28,12406.2
2021-11-24,12.37,12.23,12.48,12.22,8600.88
2021-11-25,12.2,12.19,12.4,12.19,8494.6
2021-11-26,12.19,11.96,12.31,11.92,16049.8
2021-11-29,11.93,12.01,12.17,11.73,8418.6
2021-11-30,11.9,12.12,12.34,11.9,9410.2
2021-12-01,12.09,12.47,12.49,12.0,13047.0
2021-12-02,12.43,12.19,12.49,12.17,7064.0
2021-12-03,12.15,12.47,12.52,12.14,9192.6
2021-12-06,12.42,12.11,12.46,12.09,11597.32
2021-12-07,12.21,11.91,12.21,11.79,9661.08
2021-12-08,11.88,11.98,12.12,11.88,5294.8
2021-12-09,12.02,11.94,12.12,11.91,6342.16
2021-12-10,11.95,11.77,11.96,11.69,12134.4
2021-12-13,11.85,11.6,11.85,11.57,11662.52
2021-12-14,11.7,11.79,11.85,11.62,12735.98
2021-12-15,11.79,11.99,12.09,11.73,13668.76
2021-12-16,11.99,11.96,12.12,11.83,12375.4
2021-12-17,11.92,12.03,12.15,11.89,13478.2
2021-12-20,12.02,11.74,12.1,11.74,13272.96
2021-12-21,11.79,11.96,11.98,11.76,11752.88
2021-12-22,11.97,12.01,12.13,11.95,11348.2
2021-12-23,12.01,11.81,12.06,11.78,8445.32
2021-12-24,11.82,11.59,11.89,11.57,9108.4
2021-12-27,11.59,11.65,11.77,11.36,7943.28
2021-12-28,11.66,11.97,12.17,11.66,14926.8
2021-12-29,11.97,12.05,12.12,11.85,10457.2
2021-12-30,12.03,12.13,12.24,11.99,14346.2
2021-12-31,12.07,12.17,12.26,12.03,10847.92
2022-01-04,12.16,12.4,12.47,12.16,14494.34
2022-01-05,12.4,12.24,12.42,12.05,18549.24
2022-01-06,12.22,12.25,12.38,12.17,14095.96
2022-01-07,12.3,12.13,12.4,12.13,13757.8
2022-01-10,12.24,12.36,12.44,12.07,8857.48
2022-01-11,12.36,12.29,12.55,12.26,11727.68
2022-01-12,12.36,12.55,12.64,12.34,15239.6
2022-01-13,12.55,13.0,13.08,12.49,39933.0
2022-01-14,12.89,12.35,12.94,12.34,36320.0
2022-01-17,12.4,12.7,12.8,12.4,25418.51
2022-01-18,12.71,12.33,12.79,12.32,15473.72
2022-01-19,12.27,12.52,12.55,12.25,11578.52
2022-01-20,12.47,12.12,12.59,12.08,16683.0
2022-01-21,12.07,12.13,12.42,12.07,9599.86
2022-01-24,12.05,12.15,12.27,11.96,10785.0
2022-01-25,12.09,11.44,12.32,11.44,15483.8
2022-01-26,11.43,11.67,11.7,11.35,8883.78
2022-01-27,11.72,11.2,11.72,11.19,11927.0
2022-01-28,11.25,11.42,11.59,11.25,7188.0
2022-02-07,11.62,11.53,11.7,11.33,6971.6
2022-02-08,11.54,11.77,11.77,11.45,5352.84
2022-02-09,11.76,11.78,11.84,11.74,7453.0
2022-02-10,11.77,11.74,11.84,11.65,5521.0
2022-02-11,11.7,11.45,11.74,11.34,7389.0
2022-02-14,11.46,11.64,11.68,11.36,6120.0
2022-02-15,11.62,11.58,11.7,11.49,5113.8
2022-02-16,11.65,11.84,11.86,11.64,6475.1
2022-02-17,11.83,11.74,11.98,11.69,7020.8
2022-02-18,11.69,11.83,11.89,11.56,6982.88
2022-02-21,11.81,12.13,12.19,11.81,9215.0
2022-02-22,12.05,12.13,12.17,11.89,8622.08
2022-02-23,12.18,12.16,12.22,12.06,7588.45
2022-02-24,12.13,11.97,12.3,11.83,14613.45
2022-02-25,12.02,12.02,12.17,11.92,10208.4
2022-02-28,11.99,12.07,12.09,11.9,7778.4
2022-03-01,12.07,12.1,12.23,12.03,8520.6
2022-03-02,12.07,12.18,12.2,12.03,9842.8
2022-03-03,12.16,12.26,12.3,12.11,7878.48
2022-03-04,12.17,12.13,12.32,12.03,7322.6
2022-03-07,12.1,12.02,12.11,11.84,8471.84
2022-03-08,12.01,11.85,12.06,11.74,13392.2
2022-03-09,11.91,11.53,11.93,11.16,12980.96
2022-03-10,11.73,11.78,11.9,11.65,7422.28
2022-03-11,11.69,11.75,11.83,11.47,8598.91
2022-03-14,11.9,11.46,11.9,11.45,6947.0
2022-03-15,11.51,10.86,11.51,10.86,11107.91
2022-03-16,10.99,11.4,11.55,10.9,13412.36
2022-03-17,11.44,11.41,11.62,11.4,8228.28
2022-03-18,11.4,11.54,11.61,11.3,8301.84
2022-03-21,11.49,11.61,11.68,11.48,6766.44
2022-03-22,11.59,11.67,11.73,11.52,5060.0
2022-03-23,11.68,11.59,11.72,11.51,6556.32
2022-03-24,11.54,11.45,11.58,11.36,5399.36
2022-03-25,11.43,11.68,11.69,11.41,7555.64
2022-03-28,11.57,11.57,11.72,11.41,5815.0
2022-03-29,11.57,11.36,11.63,11.32,10709.8
2022-03-30,11.46,11.46,11.48,11.32,5254.37
2022-03-31,11.45,11.61,11.66,11.41,7789.32
2022-04-01,11.53,11.42,11.53,11.36,7121.88
2022-04-06,11.44,11.62,11.7,11.37,7196.0
2022-04-07,11.61,11.45,11.62,11.42,6444.55
2022-04-08,11.45,11.38,11.5,11.21,5550.0
2022-04-11,11.42,11.4,11.79,11.38,26158.08
2022-04-12,11.25,11.57,11.59,11.05,13578.4
2022-04-13,11.57,11.46,11.68,11.35,8839.22
2022-04-14,11.62,11.63,11.75,11.5,10414.02
2022-04-15,11.59,11.62,11.65,11.35,10280.0
2022-04-18,11.46,11.48,11.55,11.3,8232.0
2022-04-19,11.47,11.76,11.78,11.36,12976.19
2022-04-20,11.72,11.94,12.01,11.68,15604.92
2022-04-21,11.77,11.11,11.82,10.88,30905.68
2022-04-22,11.05,10.73,11.05,10.72,15038.77
2022-04-25,10.56,9.65,10.58,9.65,17021.09
2022-04-26,9.59,9.39,9.91,9.22,11050.76
2022-04-27,9.29,9.41,9.45,8.82,13136.69
2022-04-28,9.58,9.34,9.58,9.15,9584.6
2022-04-29,9.37,9.69,9.76,9.35,9334.36
2022-05-05,9.67,9.89,9.92,9.54,8642.0
2022-05-06,9.66,9.79,9.93,9.59,5377.0
2022-05-09,9.79,9.98,10.05,9.79,3845.0
2022-05-10,9.98,10.11,10.12,9.79,8138.0
2022-05-11,10.14,10.06,10.36,10.03,7905.8
2022-05-12,10.09,10.18,10.22,10.03,4678.8
2022-05-13,10.13,10.17,10.26,10.08,7565.5
2022-05-16,10.23,10.24,10.43,10.13,7599.0
2022-05-17,10.21,10.28,10.3,10.06,5907.0
2022-05-18,10.25,10.52,10.64,10.24,9673.0
2022-05-19,10.46,10.57,10.59,10.39,5916.4
2022-05-20,10.64,10.6,10.66,10.51,6009.96
2022-05-23,10.67,10.87,10.9,10.61,6369.8
2022-05-24,10.86,10.46,10.92,10.46,5300.0
2022-05-25,10.44,10.7,10.75,10.38,4561.0
2022-05-26,10.71,10.79,10.82,10.48,5185.16
2022-05-27,10.79,10.72,10.9,10.63,6648.88
2022-05-30,10.71,10.83,10.84,10.62,6030.36
2022-05-31,10.71,10.86,10.88,10.67,3775.0
2022-06-01,10.97,11.07,11.1,10.72,9173.4
2022-06-02,11.01,11.13,11.17,10.92,7054.29
2022-06-06,11.22,11.4,11.42,11.14,8439.58
2022-06-07,11.56,11.2,11.56,11.1,5979.0
2022-06-08,11.2,11.08,11.3,10.89,9429.82
2022-06-09,11.13,10.79,11.13,10.68,9522.4
2022-06-10,10.8,11.08,11.12,10.75,8569.0
2022-06-13,10.96,11.07,11.14,10.88,5273.68
2022-06-14,11.03,11.07,11.07,10.81,6709.8
2022-06-15,11.07,10.87,11.18,10.86,8310.3
2022-06-16,10.94,10.99,11.06,10.89,5711.6
2022-06-17,11.04,10.9,11.05,10.74,6975.84
2022-06-20,10.93,11.05,11.09,10.87,8667.0
2022-06-21,11.04,11.19,11.32,11.0,11948.0
2022-06-22,11.21,10.96,11.21,10.93,10482.8
2022-06-23,10.87,11.36,11.39,10.87,17533.6
2022-06-24,11.48,11.69,11.93,11.4,21735.8
2022-06-27,11.68,12.86,12.86,11.58,66538.84
2022-06-28,13.2,14.15,14.15,12.86,127213.1
2022-06-29,14.85,15.57,15.57,14.67,210306.02
2022-06-30,14.18,14.45,16.24,14.01,243850.88
2022-07-01,13.69,13.28,13.98,13.1,181438.38
2022-07-04,13.21,13.42,14.36,13.21,126630.11
2022-07-05,13.43,12.61,13.6,12.2,138599.34
2022-07-06,12.36,12.99,13.29,12.25,128764.62
2022-07-07,12.76,12.85,13.03,12.41,92195.52
2022-07-08,12.71,14.13,14.13,12.63,173317.17
2022-07-11,14.38,13.88,15.37,13.8,193892.88
2022-07-12,13.57,13.23,14.75,13.16,140376.0
2022-07-13,13.46,14.55,14.55,13.43,81611.84
2022-07-14,14.42,13.74,14.43,13.69,129465.44
2022-07-15,13.73,13.57,14.07,13.46,92730.6
2022-07-18,13.32,14.09,14.24,13.31,96234.52
2022-07-19,13.94,14.73,14.78,13.67,120423.48
2022-07-20,14.66,14.45,14.66,14.02,89758.6
2022-07-21,14.29,14.33,15.55,14.24,98313.72
2022-07-22,14.31,14.96,15.42,14.16,121486.88
2022-07-25,14.78,13.98,14.83,13.5,99460.2
2022-07-26,13.82,14.24,14.24,13.21,74925.44
2022-07-27,14.06,14.5,15.25,13.86,94031.82
2022-07-28,14.55,15.05,15.39,14.53,119811.88
2022-07-29,15.06,15.49,16.15,14.78,154140.45
2022-08-01,15.08,15.95,16.03,14.96,128554.75
2022-08-02,15.57,14.87,15.57,14.67,89968.87
2022-08-03,15.17,15.25,16.35,14.88,141301.26
2022-08-04,15.51,16.2,16.34,15.17,170605.31
2022-08-05,15.76,15.56,15.76,15.08,116145.13
2022-08-08,14.98,15.42,15.46,14.8,69899.2
2022-08-09,15.37,15.58,15.67,15.02,68332.1
2022-08-10,15.42,15.05,15.52,14.9,74695.95
2022-08-11,15.14,14.99,15.3,14.49,75932.16
2022-08-12,14.77,14.82,15.14,14.62,58916.71
2022-08-15,14.86,14.39,14.97,14.37,69134.2
2022-08-16,14.38,14.5,14.68,14.24,51674.7
2022-08-17,14.61,14.3,14.84,14.29,51191.97
2022-08-18,14.32,15.21,15.67,13.79,121683.4
2022-08-19,15.37,14.54,15.44,14.42,86140.1
2022-08-22,14.18,13.85,14.32,13.63,54282.03
2022-08-23,13.8,13.93,13.94,13.61,30385.2
2022-08-24,13.94,13.22,13.94,13.11,41486.64
2022-08-25,13.22,12.78,13.3,12.6,41836.03
2022-08-26,12.8,12.63,12.95,12.55,22724.0
2022-08-29,12.5,12.84,12.88,12.32,20916.0
2022-08-30,12.79,12.61,13.02,12.53,18880.0
2022-08-31,12.61,12.0,12.64,11.94,28522.76
2022-09-01,12.01,11.87,12.19,11.81,19120.57
2022-09-02,11.87,12.13,12.2,11.72,20830.96
2022-09-05,12.08,12.01,12.36,11.94,16552.4
2022-09-06,12.0,12.23,12.23,11.9,19831.56
2022-09-07,12.23,12.25,12.37,12.14,21667.6
2022-09-08,12.33,11.91,12.33,11.9,18755.6
2022-09-09,11.99,11.76,12.07,11.67,19956.48
2022-09-13,11.85,11.87,12.15,11.83,17783.4
2022-09-14,11.76,12.17,12.17,11.72,34780.4
2022-09-15,12.23,11.69,12.27,11.48,32672.2
2022-09-16,11.62,11.36,11.67,11.35,19962.0
2022-09-19,11.26,11.46,11.56,11.26,14367.0
2022-09-20,11.59,11.84,12.05,11.54,21142.03
2022-09-21,11.87,12.0,12.07,11.74,16047.0
2022-09-22,12.0,11.98,12.12,11.81,15858.8
2022-09-23,12.01,11.62,12.06,11.56,16742.0
2022-09-26,11.53,11.4,11.64,11.39,10470.0
2022-09-27,11.4,11.75,11.77,11.35,13412.0
2022-09-28,11.87,11.29,11.87,11.27,16497.2
2022-09-29,11.31,11.08,11.46,11.0,12589.0
2022-09-30,11.08,11.09,11.28,11.02,11020.0
2022-10-10,11.09,10.69,11.12,10.64,14244.0
2022-10-11,10.55,10.92,10.99,10.55,10873.4
2022-10-12,11.0,11.24,11.24,10.73,12124.4
2022-10-13,11.24,11.4,11.59,11.14,17112.0
2022-10-14,11.4,11.63,11.7,11.4,18657.0
2022-10-17,11.63,11.96,11.98,11.57,18097.0
2022-10-18,11.98,11.85,12.05,11.8,15044.0
2022-10-19,11.83,11.83,11.97,11.82,12231.0
2022-10-20,11.92,11.93,12.09,11.67,17939.0
2022-10-21,11.89,11.95,12.05,11.82,10199.0
2022-10-24,12.06,11.88,12.11,11.77,13810.0
2022-10-25,11.96,11.84,11.96,11.59,12163.0
2022-10-26,11.78,11.97,12.07,11.78,12469.56
2022-10-27,12.08,11.87,12.12,11.86,10654.76
2022-10-28,12.02,11.4,12.31,11.37,25669.0
2022-10-31,11.37,11.69,11.87,11.37,20726.4
2022-11-01,11.71,12.01,12.01,11.67,18483.28
2022-11-02,12.04,12.12,12.19,11.93,13329.16
2022-11-03,12.07,12.18,12.23,11.9,10225.0
2022-11-04,12.18,12.16,12.3,12.13,12811.0
2022-11-07,12.24,12.16,12.3,12.07,16482.8
2022-11-08,12.14,12.05,12.19,11.94,11864.28
2022-11-09,12.12,12.07,12.2,11.98,11705.04
2022-11-10,11.99,12.06,12.28,11.99,14917.6
2022-11-11,12.17,11.99,12.32,11.99,15990.0
2022-11-14,12.1,11.82,12.1,11.8,17938.0
2022-11-15,11.82,12.3,12.33,11.77,28423.92
2022-11-16,12.3,12.26,12.36,12.12,15138.4
2022-11-17,12.23,12.33,12.33,12.04,19038.0
2022-11-18,12.4,12.23,12.46,12.23,18695.3
2022-11-21,12.16,12.27,12.35,12.13,13325.0
2022-11-22,12.25,12.01,12.28,11.9,16016.96
2022-11-23,11.97,11.92,12.06,11.61,15847.3
2022-11-24,11.92,11.92,12.12,11.88,10356.0
2022-11-25,11.92,11.63,11.92,11.61,12351.0
2022-11-28,11.64,11.48,11.64,11.33,15850.0
2022-11-29,11.41,11.64,11.71,11.39,11230.0
2022-11-30,11.66,11.61,11.76,11.48,10120.0
2022-12-01,11.74,11.76,11.83,11.62,17181.0
2022-12-02,11.78,11.93,11.95,11.68,13252.4
2022-12-05,11.93,11.98,12.16,11.88,12968.0
2022-12-06,11.98,11.82,12.02,11.78,10420.37
2022-12-07,11.82,11.78,11.86,11.7,7629.0
2022-12-08,11.8,11.74,11.92,11.68,9924.4
2022-12-09,11.89,11.66,11.89,11.64,8769.6
2022-12-12,11.6,11.63,11.75,11.48,11450.0
2022-12-13,11.64,11.43,11.64,11.41,8384.0
2022-12-14,11.43,11.46,11.72,11.42,11456.7
2022-12-15,11.46,11.62,11.67,11.41,9669.06
2022-12-16,11.61,11.24,11.67,11.13,12567.96
2022-12-19,11.34,10.96,11.34,10.89,13690.8
2022-12-20,10.86,11.15,11.23,10.81,10421.16
2022-12-21,11.11,11.0,11.24,10.96,9809.36
2022-12-22,10.97,10.74,11.07,10.72,9226.0
2022-12-23,10.74,10.72,10.83,10.57,9798.4
2022-12-26,10.61,10.97,10.98,10.61,8441.0
2022-12-27,10.99,10.96,11.11,10.91,8437.0
2022-12-28,10.97,10.78,11.02,10.69,9099.88
2022-12-29,10.88,10.89,10.96,10.7,10656.01
2022-12-30,10.89,11.16,11.16,10.67,20607.32
2023-01-03,11.04,11.21,11.22,10.97,16659.68
2023-01-04,11.21,11.2,11.28,11.09,9787.88
2023-01-05,11.26,11.22,11.3,11.13,10336.96
2023-01-06,11.3,11.16,11.37,11.11,7094.0
2023-01-09,11.19,11.17,11.31,11.1,7783.0
2023-01-10,11.17,11.13,11.22,11.06,8543.32
2023-01-11,11.17,10.96,11.17,10.96,6583.0
2023-01-12,10.98,11.01,11.12,10.94,7493.0
2023-01-13,11.05,10.89,11.06,10.83,8513.6
2023-01-16,10.91,11.14,11.17,10.91,10376.12
2023-01-17,11.13,11.09,11.24,11.04,7452.48
2023-01-18,11.08,11.33,11.41,11.08,14245.0
2023-01-19,11.31,11.45,11.49,11.3,13592.99
2023-01-20,11.81,11.56,11.95,11.49,19840.2
2023-01-30,11.63,11.86,11.99,11.57,29169.99
2023-01-31,11.82,13.04,13.04,11.78,90536.18
2023-02-01,13.81,13.77,14.34,13.45,233702.68
2023-02-02,13.36,14.02,14.98,13.22,192247.1
2023-02-03,13.55,13.47,13.74,13.32,118492.88
2023-02-06,13.63,13.8,14.03,13.31,110953.09
2023-02-07,13.61,13.51,13.67,13.38,69554.16
2023-02-08,13.6,13.7,13.76,13.41,71083.73
2023-02-09,13.58,13.67,13.68,13.45,47621.17
2023-02-10,13.67,13.66,13.98,13.52,59404.0
2023-02-13,13.58,13.44,13.71,13.38,53432.17
2023-02-14,13.48,13.38,13.51,13.3,36406.28
2023-02-15,13.38,13.4,13.45,13.31,28326.2
2023-02-16,13.4,12.83,13.4,12.73,56966.48
2023-02-17,12.91,12.83,13.03,12.66,31302.28
2023-02-20,12.77,12.85,12.86,12.59,23268.0
2023-02-21,12.85,12.85,13.03,12.78,23327.0
2023-02-22,12.82,12.87,12.95,12.63,16922.76
2023-02-23,12.94,12.89,13.0,12.79,19947.6
2023-02-24,12.94,12.79,12.94,12.68,18319.6
2023-02-27,12.79,12.65,12.82,12.61,15095.0
2023-02-28,12.69,12.77,12.84,12.62,15535.8
2023-03-01,12.78,12.97,12.97,12.73,26034.6
2023-03-02,13.0,12.92,13.04,12.9,21325.78
2023-03-03,12.92,12.79,13.05,12.72,19258.56
2023-03-06,12.87,13.05,13.05,12.82,26918.28
2023-03-07,12.9,12.52,13.06,12.51,28565.8
2023-03-08,12.49,12.72,12.73,12.46,15310.8
2023-03-09,12.75,13.0,13.1,12.64,29609.28
2023-03-10,12.95,12.63,13.0,12.61,19651.0
2023-03-13,12.61,12.81,12.81,12.53,13957.84
2023-03-14,12.73,12.52,12.85,12.48,22963.2
2023-03-15,12.6,12.79,12.88,12.58,15947.65
2023-03-16,12.73,12.64,12.8,12.61,13616.0
2023-03-17,12.73,12.69,12.8,12.64,13600.0
2023-03-20,12.64,12.49,12.8,12.41,20230.0
2023-03-21,12.56,12.93,12.93,12.44,27617.4
2023-03-22,12.91,13.01,13.01,12.84,21539.77
2023-03-23,13.0,13.0,13.0,12.84,17257.4
2023-03-24,13.0,13.14,13.26,12.93,28698.0
2023-03-27,13.15,13.2,13.34,13.05,32279.92
2023-03-28,13.25,12.97,13.28,12.95,20682.6
2023-03-29,13.0,12.84,13.01,12.81,15860.4
2023-03-30,12.86,12.69,12.87,12.59,15427.4
2023-03-31,12.66,12.72,12.78,12.61,12881.68
2023-04-03,12.72,13.01,13.07,12.69,23658.68
2023-04-04,13.03,12.7,13.08,12.67,20480.6
2023-04-06,12.61,12.21,12.66,12.19,35183.6
2023-04-07,12.32,12.42,12.45,12.25,16575.4
2023-04-10,12.43,13.67,13.67,12.43,33664.2
2023-04-11,14.88,14.01,14.93,13.96,189740.71
2023-04-12,14.03,13.74,14.22,13.57,109869.96
2023-04-13,13.77,13.43,13.84,13.43,70262.48
2023-04-14,13.43,13.45,13.49,13.21,57875.34
2023-04-17,13.42,13.31,13.42,13.15,35870.36
2023-04-18,13.27,14.16,14.17,13.12,116611.0
2023-04-19,13.88,13.75,13.93,13.6,66425.61
2023-04-20,13.68,14.04,14.15,13.56,78459.72
2023-04-21,13.91,13.04,13.95,13.02,64882.0
2023-04-24,12.99,13.25,13.25,12.41,40353.97
2023-04-25,13.1,12.63,13.12,12.43,38368.76
2023-04-26,12.72,12.63,12.91,12.41,26054.6
2023-04-27,12.4,11.37,12.4,11.37,64154.84
2023-04-28,11.21,11.68,11.78,11.21,39123.32
2023-05-04,11.54,12.0,12.0,11.54,24249.72
2023-05-05,11.91,11.75,11.98,11.63,23297.8
2023-05-08,11.74,11.87,12.16,11.72,22025.52
2023-05-09,11.88,11.65,12.02,11.63,18487.48
2023-05-10,11.61,11.78,11.79,11.56,10629.0
2023-05-11,11.84,11.87,11.9,11.72,11178.8
2023-05-12,11.81,11.66,11.9,11.63,12320.0
2023-05-15,11.62,11.79,11.79,11.52,10921.8
2023-05-16,11.73,11.74,11.83,11.67,8343.0
2023-05-17,11.71,12.17,12.2,11.71,24653.0
2023-05-18,12.21,12.6,12.69,12.19,45902.8
2023-05-19,12.59,12.78,13.08,12.48,36348.0
2023-05-22,12.76,13.0,13.04,12.71,30146.4
2023-05-23,13.12,13.0,13.48,12.86,41950.96
2023-05-24,12.81,13.52,13.69,12.75,59865.2
2023-05-25,13.35,13.41,13.69,13.19,44962.96
2023-05-26,13.38,13.43,13.59,13.05,31572.4
2023-05-29,13.37,13.27,13.87,13.18,31492.0
2023-05-30,13.57,13.43,13.62,13.24,24374.24
2023-05-31,13.61,13.5,13.61,13.24,23288.96
2023-06-01,13.47,13.33,13.5,13.21,23147.8
2023-06-02,13.36,13.1,13.55,13.06,29523.09
2023-06-05,13.1,13.16,13.34,13.02,18835.0
2023-06-06,13.17,12.98,13.19,12.89,17253.0
2023-06-07,12.95,13.08,13.13,12.9,15303.6
2023-06-08,13.08,12.82,13.08,12.74,16836.0
2023-06-09,12.95,12.89,13.0,12.76,14150.8
2023-06-12,12.82,13.05,13.05,12.69,18451.0
2023-06-13,13.04,13.07,13.15,12.99,14790.8
2023-06-14,13.06,12.98,13.17,12.84,17086.6
2023-06-15,12.94,13.38,13.57,12.94,44395.6
2023-06-16,13.39,13.65,13.71,13.31,42559.8
2023-06-19,13.65,13.62,13.84,13.57,30426.92
2023-06-20,13.64,13.66,13.84,13.5,35003.8
2023-06-21,13.66,13.38,13.85,13.36,26397.53
2023-06-26,13.25,13.12,13.69,13.06,26196.0
2023-06-27,13.09,13.6,13.64,13.01,30191.7
2023-06-28,13.6,13.59,13.76,12.94,30008.8
2023-06-29,13.67,13.95,14.18,13.61,50388.3
2023-06-30,13.9,13.82,14.09,13.74,39041.29
2023-07-03,13.92,13.51,14.04,13.49,29751.85
2023-07-04,13.53,13.65,13.86,13.47,23260.0
2023-07-05,13.6,13.42,13.7,13.35,18647.0
2023-07-06,13.36,13.46,13.6,13.19,16222.0
2023-07-07,13.37,13.35,13.44,13.19,14402.2
2023-07-10,13.37,13.17,13.54,13.08,17461.2
2023-07-11,13.17,13.26,13.33,13.06,12996.0
2023-07-12,13.19,13.68,13.78,13.11,51861.45
2023-07-13,13.8,13.98,15.05,13.72,123106.73
2023-07-14,14.15,13.67,14.26,13.65,64759.56
2023-07-17,13.52,13.64,13.76,13.31,40827.85
2023-07-18,13.62,13.64,13.88,13.46,29761.64
2023-07-19,13.59,13.61,13.78,13.52,25646.4
2023-07-20,13.66,13.56,13.84,13.45,34685.6
2023-07-21,13.5,13.4,13.6,13.23,29230.0
2023-07-24,13.38,13.74,13.83,13.26,25404.79
2023-07-25,13.74,13.41,13.81,13.34,35796.19
2023-07-26,13.4,12.92,13.41,12.84,39499.0
2023-07-27,12.91,12.8,13.07,12.71,20827.0
2023-07-28,12.74,12.76,12.96,12.61,17442.0
2023-07-31,12.76,12.67,12.8,12.58,19663.0
2023-08-01,12.67,12.6,12.76,12.33,22321.2
2023-08-02,12.58,12.75,12.8,12.52,15028.0
2023-08-03,12.67,12.4,12.71,12.34,22151.6
2023-08-04,12.41,12.48,12.54,12.37,13782.0
2023-08-07,12.39,12.44,12.61,12.39,15721.0
2023-08-08,12.5,12.47,12.51,12.37,14250.64
2023-08-09,12.41,12.21,12.46,12.21,12631.0
2023-08-10,12.32,12.25,12.36,12.21,6732.0
2023-08-11,12.22,12.19,12.41,12.16,11642.0
2023-08-14,12.19,12.34,12.34,12.15,10871.72
2023-08-15,12.32,12.24,12.47,12.2,8972.96
2023-08-16,12.23,12.01,12.27,11.98,12882.6
2023-08-17,11.98,12.5,12.52,11.89,21104.66
2023-08-18,12.42,12.36,12.62,12.36,13036.06
2023-08-21,12.41,12.36,12.51,12.32,9795.0
2023-08-22,12.37,12.16,12.44,11.93,14125.0
2023-08-23,12.16,12.16,12.29,11.97,15374.96
2023-08-24,12.11,11.78,12.15,11.74,18430.6
2023-08-25,11.78,11.72,12.09,11.59,25373.68
2023-08-28,12.39,11.99,12.39,11.94,40142.78
2023-08-29,11.97,12.73,12.76,11.92,35718.6
2023-08-30,12.73,12.81,12.96,12.71,22647.0
2023-08-31,12.74,12.87,12.93,12.74,16870.8
2023-09-01,12.93,12.87,13.01,12.71,12423.0
2023-09-04,12.92,12.98,13.04,12.86,15038.0
2023-09-05,13.05,12.95,13.05,12.92,13130.8
2023-09-06,12.98,13.1,13.13,12.9,16400.19
2023-09-07,13.1,12.87,13.13,12.82,17286.68
2023-09-08,12.85,13.01,13.08,12.85,15025.84
2023-09-11,13.02,13.0,13.1,12.86,18367.6
2023-09-12,12.93,12.87,13.04,12.81,13473.28
2023-09-13,12.89,12.69,12.93,12.61,15973.72
2023-09-14,12.74,12.63,12.85,12.55,17910.4
2023-09-15,12.68,12.15,12.71,12.07,70808.73
2023-09-18,12.25,12.15,12.26,11.9,69359.59
2023-09-19,12.13,12.19,12.27,12.01,41064.46
2023-09-20,12.12,12.13,12.55,12.06,43297.56
2023-09-21,12.17,11.98,12.24,11.91,26497.6
2023-09-22,12.03,12.27,12.27,11.95,30167.6
2023-09-25,12.31,12.34,12.54,12.2,28965.64
2023-09-26,12.33,13.57,13.57,12.32,109348.56
2023-09-27,13.54,13.31,13.54,13.09,242001.21
2023-09-28,13.3,13.14,13.3,12.93,154950.9
2023-10-09,13.17,13.28,13.28,12.97,151313.7
2023-10-10,13.2,13.21,13.23,12.99,112541.33
2023-10-11,13.19,13.13,13.25,13.02,77608.15
2023-10-12,13.11,13.1,13.18,13.0,61544.88
2023-10-13,13.01,12.77,13.03,12.76,71235.9
2023-10-16,12.77,12.59,12.85,12.47,58936.84
2023-10-17,12.69,12.89,12.95,12.58,67684.8
2023-10-18,12.77,12.56,12.8,12.54,43970.6
2023-10-19,12.49,12.72,12.97,12.42,60871.32
2023-10-20,12.69,12.56,12.96,12.52,43704.49
2023-10-23,12.4,11.99,12.42,11.86,64361.6
2023-10-24,12.03,12.31,12.34,12.01,49579.53
2023-10-25,12.31,12.66,12.74,12.29,47136.73
2023-10-26,12.57,12.48,12.61,12.22,37717.0
2023-10-27,12.43,12.73,12.77,12.27,42663.3
2023-10-30,12.66,12.92,12.94,12.54,57197.76
2023-10-31,12.91,12.8,12.96,12.7,36063.0
2023-11-01,12.79,12.86,12.96,12.71,36179.0
2023-11-02,12.83,12.76,13.06,12.76,46169.62
2023-11-03,12.96,13.13,13.24,12.89,95088.83
2023-11-06,13.17,13.14,13.26,13.04,81723.99
2023-11-07,13.12,13.16,13.21,13.0,73847.09
2023-11-08,13.16,13.2,13.26,13.08,57783.99
2023-11-09,13.17,13.18,13.43,13.09,52304.8
2023-11-10,13.09,13.31,13.36,13.04,48421.53
2023-11-13,13.36,13.61,13.66,13.24,68836.64
2023-11-14,13.6,13.43,13.6,13.35,67819.25
2023-11-15,13.54,13.79,13.94,13.44,93883.57
2023-11-16,13.73,13.6,13.79,13.56,63851.4
2023-11-17,13.56,13.83,13.87,13.56,56812.87
2023-11-20,14.01,13.94,14.13,13.77,56761.2
2023-11-21,13.91,13.84,14.0,13.79,57421.59
2023-11-22,13.8,13.69,13.96,13.69,48215.6
2023-11-23,13.67,13.9,14.0,13.67,48617.27
2023-11-24,13.87,13.76,13.95,13.66,49733.84
2023-11-27,13.67,13.73,13.81,13.59,35414.84
2023-11-28,13.73,13.89,14.01,13.73,39210.6
2023-11-29,13.85,13.82,14.03,13.76,35627.97
2023-11-30,13.85,14.01,14.13,13.68,61741.4
2023-12-01,13.92,13.79,13.98,13.63,65118.2
2023-12-04,13.87,14.04,14.55,13.73,95875.32
2023-12-05,14.11,14.08,14.55,13.82,125399.04
2023-12-06,13.87,14.43,14.67,13.79,135496.2
2023-12-07,14.31,14.17,14.35,14.06,78409.0
2023-12-08,14.2,13.61,14.48,13.6,106806.8
2023-12-11,13.69,13.99,14.05,13.56,86081.9
2023-12-12,14.0,14.89,15.07,13.87,186923.1
2023-12-13,14.59,14.62,14.78,14.51,133165.84
2023-12-14,14.64,14.51,14.84,14.47,80301.84
2023-12-15,14.5,14.14,14.56,14.05,61744.6
2023-12-18,14.14,13.81,14.18,13.73,49694.76
2023-12-19,13.78,15.19,15.19,13.7,161212.2
2023-12-20,15.89,16.71,16.71,15.89,74453.11
2023-12-21,16.68,15.66,16.68,15.5,365463.18
2023-12-22,15.6,14.89,16.35,14.72,314920.64
2023-12-25,14.5,14.41,14.67,13.5,229931.64
2023-12-26,14.18,14.55,14.96,13.72,214994.35
2023-12-27,14.4,14.4,14.67,14.01,127368.88
2023-12-28,14.44,15.37,15.84,14.44,260517.63
2023-12-29,15.41,15.74,15.99,15.09,209935.8
2024-01-02,15.5,15.95,16.27,15.49,169774.6
2024-01-03,15.86,15.52,15.88,15.23,122992.0
2024-01-04,15.41,15.26,15.46,15.13,68112.0
2024-01-05,15.38,14.94,15.68,14.84,76624.64
2024-01-08,15.01,14.98,15.23,14.84,69111.67
2024-01-09,15.04,16.48,16.48,15.01,108655.36
2024-01-10,17.48,15.68,18.12,15.65,355874.39
2024-01-11,14.9,15.97,16.1,14.9,241266.79
2024-01-12,15.83,15.23,16.07,15.14,148026.8
2024-01-15,15.4,16.75,16.75,15.4,82207.74
2024-01-16,17.35,16.48,17.42,16.19,264827.27
2024-01-17,16.48,16.04,16.83,16.02,186842.0
2024-01-18,15.56,16.68,16.76,15.4,231451.92
2024-01-19,16.36,15.83,16.5,15.59,197709.0
2024-01-22,15.56,14.25,15.56,14.25,143015.69
2024-01-23,13.12,12.83,13.4,12.83,170835.54
2024-01-24,12.73,13.06,13.45,12.62,136728.31
2024-01-25,12.96,13.29,13.35,12.79,126430.71
2024-01-26,13.21,13.0,13.42,12.9,87038.34
2024-01-29,13.01,12.13,13.21,12.13,115394.04
2024-01-30,12.09,11.87,12.35,11.85,61352.6
2024-01-31,11.87,11.02,11.9,10.92,96201.4
2024-02-01,10.93,11.04,11.3,10.63,65726.0
2024-02-02,11.12,10.71,11.41,10.21,79403.8
2024-02-05,10.53,9.64,10.53,9.64,76357.0
2024-02-06,8.8,9.57,10.02,8.68,103045.84
2024-02-07,9.73,9.03,9.81,8.95,92796.0
2024-02-08,9.13,9.84,9.85,9.06,87214.09
2024-02-19,10.01,10.33,10.43,10.0,75632.21
2024-02-20,10.36,10.58,10.67,10.11,70608.66
2024-02-21,10.45,10.92,11.28,10.36,88121.49
2024-02-22,11.19,11.64,11.64,10.98,110748.27
2024-02-23,11.53,12.14,12.19,11.32,131307.26
2024-02-26,12.4,13.36,13.36,12.0,150045.22
2024-02-27,13.31,13.21,13.31,12.66,153467.96
2024-02-28,13.2,11.89,13.57,11.89,168145.6
2024-02-29,10.92,12.28,12.31,10.92,114499.3
2024-03-01,12.23,12.55,12.84,12.21,96112.88
2024-03-04,12.52,12.83,12.83,12.12,80602.72
2024-03-05,12.67,12.54,13.0,12.44,72175.55
2024-03-06,12.41,13.09,13.16,12.39,114603.0
2024-03-07,13.1,12.94,13.8,12.91,156245.95
2024-03-08,13.04,13.2,13.6,12.77,119844.6
2024-03-11,13.06,12.93,13.2,12.72,103063.65
2024-03-12,12.94,12.8,13.09,12.69,97691.0
2024-03-13,12.81,13.08,13.19,12.71,96845.68
2024-03-14,12.97,13.39,13.66,12.97,141842.55
2024-03-15,13.26,13.62,13.66,13.02,136562.33
2024-03-18,13.71,14.33,14.98,13.54,191499.48
2024-03-19,14.15,13.91,14.48,13.9,127356.49
2024-03-20,13.92,14.04,14.24,13.91,89592.95
2024-03-21,14.03,14.1,14.35,13.96,116868.0
2024-03-22,14.02,13.67,14.05,13.52,108973.51
2024-03-25,13.51,13.1,13.76,13.1,83758.89
2024-03-26,13.16,13.07,13.38,12.8,70666.96
2024-03-27,13.26,12.78,13.78,12.68,94815.0
2024-03-28,12.65,13.27,13.38,12.59,88573.33
2024-03-29,13.28,13.34,13.36,13.04,54428.79
2024-04-01,13.4,13.75,13.75,13.35,70090.43
2024-04-02,13.68,13.58,13.7,13.43,51411.42
2024-04-03,13.6,13.33,13.64,13.2,51924.31
2024-04-08,13.36,12.65,13.39,12.64,61591.0
2024-04-09,12.67,12.78,12.88,12.48,37515.0
2024-04-10,12.82,13.16,14.02,12.69,113630.14
2024-04-11,13.05,12.96,13.32,12.79,68531.72
2024-04-12,12.97,12.71,13.28,12.71,57683.6
2024-04-15,12.71,11.71,12.71,11.44,97426.42
2024-04-16,11.5,10.54,11.63,10.54,80967.6
2024-04-17,10.62,11.59,11.59,10.62,77145.76
2024-04-18,11.8,11.67,11.91,11.37,54199.6
2024-04-19,11.66,11.53,11.88,11.45,34871.6
2024-04-22,11.52,11.58,11.77,11.11,43090.6
2024-04-23,11.59,11.72,11.82,11.5,38619.6
2024-04-24,11.66,11.94,11.97,11.59,35883.0
2024-04-25,11.88,12.11,12.25,11.76,42340.0
2024-04-26,12.06,12.04,12.07,11.63,70719.0
2024-04-29,12.04,12.34,12.4,12.01,66315.0
2024-04-30,12.41,12.14,12.41,11.96,46959.0
2024-05-06,12.29,12.44,12.49,12.25,47210.74
2024-05-07,12.46,12.63,12.82,12.31,51497.92
2024-05-08,12.61,12.24,12.61,12.22,33141.92
2024-05-09,12.25,12.37,12.47,12.24,27557.0
2024-05-10,12.37,12.01,12.5,11.98,33342.4
2024-05-13,11.9,11.59,11.9,11.51,34139.96
2024-05-14,11.54,11.84,11.87,11.54,25372.8
2024-05-15,11.89,12.16,13.01,11.87,95643.0
2024-05-16,12.03,12.08,12.25,12.03,42415.6
2024-05-17,12.02,12.25,12.29,11.84,35228.6
2024-05-20,12.37,12.35,12.43,12.21,30427.6
2024-05-21,12.32,12.12,12.32,12.02,21406.4
2024-05-22,12.11,12.25,12.3,12.02,22295.0
2024-05-23,12.29,11.95,12.37,11.85,30999.0
2024-05-24,11.95,11.85,12.08,11.83,25651.6
2024-05-27,11.92,11.88,11.99,11.59,19659.0
2024-05-28,12.0,11.8,12.01,11.77,16062.6
2024-05-29,11.66,11.66,11.88,11.61,16972.0
2024-05-30,11.67,11.76,12.18,11.53,24359.0
2024-05-31,11.65,11.86,11.9,11.65,19372.0
2024-06-03,11.91,11.99,12.19,11.82,36800.0
2024-06-04,11.98,11.51,12.0,11.41,33072.0
2024-06-05,11.43,11.11,11.47,11.03,25817.4
2024-06-06,11.2,10.6,11.29,10.44,32773.92
2024-06-07,10.77,11.09,11.12,10.64,26109.0
2024-06-11,11.0,11.01,11.03,10.7,15165.0
2024-06-12,11.03,11.19,11.28,11.0,14629.0
2024-06-13,11.11,11.17,11.27,11.05,12525.0
2024-06-14,11.17,11.31,11.31,10.98,13472.0
2024-06-17,11.23,11.08,11.39,11.07,13053.0
2024-06-18,11.08,11.34,11.35,11.05,16741.0
2024-06-19,11.34,11.28,11.46,11.22,12389.0
2024-06-20,11.2,10.99,11.33,10.94,16580.0
2024-06-21,10.99,10.92,11.05,10.82,10400.76
2024-06-24,10.93,10.37,10.96,10.34,23769.0
2024-06-25,10.43,10.55,10.76,10.43,20021.0
2024-06-26,10.48,11.05,11.57,10.42,46307.0
2024-06-27,11.08,10.77,11.33,10.77,35180.0
2024-06-28,10.68,10.83,11.05,10.68,21360.0
2024-07-01,10.82,10.65,10.86,10.41,25046.16
2024-07-02,10.65,10.63,10.71,10.57,16961.0
2024-07-03,10.65,10.4,10.67,10.37,19650.0
2024-07-04,10.52,10.16,10.65,10.09,21135.0
2024-07-05,10.12,10.27,10.31,9.99,15424.72
2024-07-08,10.34,9.93,10.34,9.88,14628.2
2024-07-09,10.08,10.13,10.15,9.62,23291.55
2024-07-10,10.11,10.01,10.17,9.94,13463.0
2024-07-11,10.22,10.47,10.5,10.18,22225.4
2024-07-12,10.48,10.33,10.56,10.29,15082.0
2024-07-15,10.33,9.97,10.33,9.95,15718.0
2024-07-16,10.01,9.92,10.07,9.85,12146.0
2024-07-17,9.94,9.62,9.94,9.62,16037.0
2024-07-18,9.69,9.51,9.69,9.22,20090.0
2024-07-19,9.46,9.71,9.82,9.33,16906.0
2024-07-22,9.81,9.8,9.82,9.63,14637.0
2024-07-23,9.77,9.64,9.93,9.61,14934.83
2024-07-24,9.59,9.42,9.76,9.39,15621.0
2024-07-25,9.33,9.57,9.7,9.28,19432.8
2024-07-26,9.57,9.86,9.86,9.53,19814.0
2024-07-29,9.91,9.9,9.98,9.76,13671.6
2024-07-30,9.86,9.91,9.98,9.77,11851.0
2024-07-31,9.91,10.32,10.39,9.91,23029.0
2024-08-01,10.33,10.35,10.52,10.27,17341.0
2024-08-02,10.27,10.13,10.42,10.11,26697.0
2024-08-05,10.02,9.77,10.22,9.77,18274.8
2024-08-06,9.9,10.11,10.12,9.81,15076.32
2024-08-07,10.11,10.1,10.27,10.01,16588.2
2024-08-08,10.27,9.97,10.27,9.81,19209.0
2024-08-09,10.07,9.93,10.09,9.91,11500.0
2024-08-12,9.89,9.89,9.95,9.77,8937.0
2024-08-13,9.88,9.88,9.93,9.64,15306.0
2024-08-14,9.95,9.87,10.06,9.85,9028.6
2024-08-15,9.86,9.97,10.04,9.72,13434.0
2024-08-16,9.99,10.02,10.13,9.95,13450.0
2024-08-19,10.03,9.93,10.1,9.87,11993.0
2024-08-20,9.93,9.76,9.98,9.75,12425.8
2024-08-21,9.68,9.86,10.27,9.68,18020.6
2024-08-22,9.73,9.59,9.94,9.58,16796.0
2024-08-23,9.57,9.38,9.57,9.24,19139.0
2024-08-26,9.35,9.58,9.69,9.34,17086.6
2024-08-27,9.56,9.32,9.61,9.22,14994.0
2024-08-28,9.38,9.39,9.53,9.18,12796.0
2024-08-29,9.39,9.64,9.66,9.3,13961.12
2024-08-30,9.66,9.85,9.98,9.56,25163.0
2024-09-02,9.87,9.63,9.93,9.62,19849.6
2024-09-03,9.9,9.86,9.9,9.65,17947.0
2024-09-04,9.72,9.75,9.87,9.71,11925.0
2024-09-05,9.74,9.8,9.85,9.71,8334.0
2024-09-06,9.82,9.64,9.85,9.58,16592.0
2024-09-09,9.56,9.66,9.76,9.48,10926.0
2024-09-10,9.63,9.83,9.85,9.57,12508.0
2024-09-11,9.82,9.72,9.82,9.67,10745.0
2024-09-12,9.72,9.62,9.83,9.6,10237.0
2024-09-13,9.58,9.37,9.66,9.37,9396.4
2024-09-18,9.37,9.31,9.44,9.09,13655.6
2024-09-19,9.33,9.54,9.6,9.27,14434.4
2024-09-20,9.54,9.52,9.6,9.45,9046.0
2024-09-23,9.52,9.57,9.65,9.45,7874.0
2024-09-24,9.62,9.88,9.88,9.54,18670.0
2024-09-25,9.91,10.06,10.21,9.88,22657.0
2024-09-26,10.06,10.33,10.35,10.06,21906.2
2024-09-27,10.61,10.62,10.65,10.34,21836.0
2024-09-30,10.77,11.47,11.61,10.77,80162.16
2024-10-08,12.62,12.03,12.62,11.49,103823.14
2024-10-09,11.85,11.12,11.85,10.97,59860.8
2024-10-10,11.2,11.23,11.47,11.15,43560.8
2024-10-11,11.23,10.77,11.28,10.67,36910.62
2024-10-14,11.06,11.44,11.57,10.91,57517.36
2024-10-15,11.35,11.25,11.63,11.23,35854.56
2024-10-16,11.23,11.29,11.34,11.09,21687.12
2024-10-17,11.29,11.37,11.5,11.28,31480.2
2024-10-18,11.39,11.88,12.02,11.39,75069.0
2024-10-21,13.06,13.06,13.06,13.06,9986.48
2024-10-22,14.37,14.37,14.37,14.37,9248.84
2024-10-23,15.81,15.81,15.81,15.81,7648.2
2024-10-24,17.39,17.39,17.39,17.39,14247.32
2024-10-25,19.13,19.13,19.13,19.13,41615.4
2024-10-28,21.04,21.04,21.04,21.04,10918.76
2024-10-29,23.15,23.15,23.15,23.15,10469.64
2024-10-30,23.94,25.46,25.46,23.53,501755.5
2024-10-31,26.93,28.0,28.0,26.81,154385.32
2024-11-01,28.8,25.2,30.52,25.2,316733.94
2024-11-04,22.68,22.68,23.44,22.68,150155.99
2024-11-05,22.67,21.82,23.64,20.52,303662.77
2024-11-06,21.44,20.93,22.02,20.55,208937.32
2024-11-07,20.74,20.44,21.03,19.97,163978.24
2024-11-08,20.74,21.02,21.35,20.44,174213.66
2024-11-11,20.74,21.68,21.69,20.44,142658.93
2024-11-12,21.73,20.78,21.79,20.7,125480.85
2024-11-13,20.78,20.58,21.03,20.05,85328.48
2024-11-14,20.59,20.33,21.03,20.25,74484.82
2024-11-15,20.43,18.85,21.09,18.59,127572.31
2024-11-18,18.95,18.52,19.22,18.33,94496.75
2024-11-19,18.61,19.39,19.44,18.55,83097.56
2024-11-20,19.48,19.85,19.88,19.16,73783.13
2024-11-21,19.82,19.85,20.07,19.38,78099.12
2024-11-22,19.75,18.95,20.11,18.95,81254.59
2024-11-25,19.22,19.3,19.31,18.6,59743.01
2024-11-26,19.3,18.83,19.35,18.76,50068.54
2024-11-27,19.45,18.99,19.5,17.95,122907.38
2024-11-28,19.44,18.6,19.44,18.56,79075.56
2024-11-29,18.59,19.06,19.21,18.35,81412.8
2024-12-02,19.06,19.26,19.36,18.95,71618.24
2024-12-03,19.31,19.78,19.83,19.11,105485.91
2024-12-04,19.68,19.97,20.43,19.38,135055.54
2024-12-05,19.81,21.05,21.5,19.47,188781.2
2024-12-06,20.91,20.8,21.44,20.1,151193.19
2024-12-09,20.64,21.06,21.85,20.52,139888.4
2024-12-10,21.7,20.64,21.7,20.52,153970.67
2024-12-11,20.52,20.08,20.59,19.86,107253.18
2024-12-12,19.95,19.77,20.08,19.55,76557.59
2024-12-13,19.81,19.48,20.05,19.47,61299.44
2024-12-16,19.48,19.09,19.55,18.91,69707.32
2024-12-17,19.14,18.55,19.14,18.51,42972.54
2024-12-18,18.5,18.75,19.05,18.35,41022.0
2024-12-19,19.11,18.89,19.25,18.55,54816.6
2024-12-20,18.77,18.94,19.09,18.66,39164.72
2024-12-23,18.75,18.08,19.0,18.08,55657.16
2024-12-24,18.12,18.82,18.95,17.86,63671.62
2024-12-25,18.78,18.63,18.91,18.23,43179.0
2024-12-26,18.61,19.51,19.58,18.46,82814.61
2024-12-27,19.4,19.37,19.74,19.27,61383.0
2024-12-30,19.55,18.89,20.2,18.85,63909.6
2024-12-31,18.83,18.87,19.17,18.45,59804.54
2025-01-02,19.04,19.5,20.11,18.95,116911.22
2025-01-03,19.7,17.72,19.89,17.55,114241.84
2025-01-06,17.38,17.48,17.65,17.01,46669.72
2025-01-07,17.46,17.89,17.9,17.35,32759.56
2025-01-08,17.72,18.41,18.63,17.7,52691.67
2025-01-09,18.45,18.24,18.45,17.86,33526.7
2025-01-10,18.19,18.25,19.01,18.09,48959.8
2025-01-13,18.05,17.78,18.18,17.5,27964.0
2025-01-14,17.79,18.73,18.75,17.79,39339.22
2025-01-15,18.72,18.81,18.94,18.52,32715.4
2025-01-16,18.75,18.37,19.03,18.3,35115.14
2025-01-17,18.3,18.16,18.39,18.01,24043.88
2025-01-20,18.32,18.43,18.7,18.17,28926.9
2025-01-21,18.54,18.46,18.65,18.08,26931.0
2025-01-22,18.32,18.6,18.82,18.15,30345.08
2025-01-23,18.85,19.13,19.37,18.85,81149.4
2025-01-24,18.96,19.05,19.15,18.57,57530.76
2025-01-27,19.11,19.66,20.11,18.97,88749.32
2025-02-05,19.95,19.69,20.02,19.42,70245.16
2025-02-06,19.66,19.94,19.94,19.47,67199.58
2025-02-07,19.91,20.23,20.44,19.81,97648.4
2025-02-10,20.02,19.8,20.2,19.71,71695.8
2025-02-11,19.7,19.59,19.8,19.41,47817.0
2025-02-12,19.68,19.66,19.82,19.49,40500.0
2025-02-13,19.74,19.55,20.16,19.47,98916.72
2025-02-14,19.38,19.57,19.59,19.21,41490.0
2025-02-17,19.58,19.77,19.91,19.47,48353.44
2025-02-18,19.77,19.73,20.04,19.55,43576.22
2025-02-19,19.65,20.03,20.1,19.65,60533.24
2025-02-20,20.03,20.11,20.33,19.84,49939.32
2025-02-21,20.15,19.87,20.15,19.71,50357.92
2025-02-24,19.94,20.08,20.25,19.66,58099.92
2025-02-25,19.83,19.79,20.13,19.76,42666.0
2025-02-26,19.82,19.99,20.28,19.82,58624.37
2025-02-27,20.05,20.22,20.32,19.83,58918.92
2025-02-28,20.08,19.48,20.14,19.37,76051.0
2025-03-03,19.76,19.72,20.03,19.55,54124.0
2025-03-04,19.72,20.19,20.2,19.65,55775.48
2025-03-05,20.13,20.43,20.54,20.05,50384.4
2025-03-06,20.46,20.79,20.94,20.46,65929.15
2025-03-07,20.64,20.46,20.88,20.26,53053.0
2025-03-10,20.46,20.56,20.59,20.19,33522.2
2025-03-11,20.39,20.09,20.44,19.92,46918.0
2025-03-12,20.15,20.24,20.47,19.91,40711.4
2025-03-13,20.25,19.91,20.25,19.67,50005.89
2025-03-14,19.75,19.94,20.05,19.57,36693.06
2025-03-17,19.99,20.14,20.59,19.85,48263.0
2025-03-18,20.06,20.13,20.25,19.98,26180.0
2025-03-19,20.1,20.05,20.25,19.93,30756.0
2025-03-20,20.05,20.04,20.43,19.99,43123.32
2025-03-21,19.95,19.78,20.01,19.67,35382.0
2025-03-24,19.85,19.05,19.95,18.7,62515.72
2025-03-25,19.03,18.81,19.1,18.47,30936.0
2025-03-26,18.75,18.96,19.1,18.7,20974.0
2025-03-27,18.95,18.72,19.01,18.61,16421.68
2025-03-28,18.72,18.53,18.87,18.41,19114.58
2025-03-31,18.28,18.4,18.5,17.9,29573.06
2025-04-01,18.4,18.44,18.64,18.4,17415.0
2025-04-02,18.38,18.54,18.9,18.33,18303.0
2025-04-03,18.25,18.31,18.53,18.2,16506.0
2025-04-07,17.38,16.48,17.39,16.48,52952.0
2025-04-08,16.46,17.0,17.37,16.26,54936.56
2025-04-09,16.72,17.21,17.27,16.34,41668.0
2025-04-10,17.55,17.65,18.0,17.43,33476.88
2025-04-11,17.65,18.14,18.31,17.55,27885.0
2025-04-14,18.18,17.99,18.5,17.9,27162.16
2025-04-15,18.0,18.69,19.79,18.0,89669.0
2025-04-16,18.25,18.1,18.69,17.97,50610.28
2025-04-17,18.1,18.39,18.65,17.95,38826.85
2025-04-18,18.55,18.52,18.82,18.38,27954.0
2025-04-21,18.35,18.96,19.02,18.35,29006.0
2025-04-22,18.87,19.11,19.5,18.87,43867.4
2025-04-23,19.23,19.15,19.43,19.08,23893.0
2025-04-24,19.24,19.59,20.42,19.18,78262.6
2025-04-25,19.46,19.57,19.85,19.27,40448.0
2025-04-28,19.64,18.72,19.67,18.68,48606.09
2025-04-29,18.72,19.01,19.24,18.61,29737.0
2025-04-30,19.05,19.02,19.15,18.89,20572.4
2025-05-06,19.02,19.33,19.38,19.01,25685.51
2025-05-07,19.41,19.23,19.56,19.05,27634.0
2025-05-08,19.23,19.45,19.48,19.13,38401.84
2025-05-09,19.44,19.64,19.95,19.25,56330.67
2025-05-12,19.54,19.74,19.76,19.4,39045.5
2025-05-13,19.84,19.36,19.84,19.31,38328.0
2025-05-14,19.36,19.32,19.45,19.19,31730.0
2025-05-15,19.27,19.11,19.45,19.1,19503.0
2025-05-16,19.04,19.22,19.42,19.04,18270.93
2025-05-19,19.53,19.61,19.97,19.37,53632.0
2025-05-20,19.57,19.64,19.94,19.41,46917.99
2025-05-21,19.55,19.25,19.85,19.14,29285.0
2025-05-22,19.26,18.97,19.38,18.93,26535.0
2025-05-23,18.85,19.02,19.44,18.85,25533.0
2025-05-26,19.04,19.18,19.2,18.92,15722.0
2025-05-27,19.08,19.17,19.33,18.95,16505.0
2025-05-28,19.15,18.8,19.21,18.79,15685.41
2025-05-29,18.9,19.1,19.22,18.81,23102.95
2025-05-30,18.98,18.53,19.1,18.44,29126.06
2025-06-03,18.46,18.45,18.7,18.43,15343.0
2025-06-04,18.63,18.69,18.86,18.41,15282.28
2025-06-05,18.67,18.59,18.67,18.44,16161.0
2025-06-06,18.58,18.48,18.74,18.34,16972.0
2025-06-09,18.49,18.51,18.59,18.33,20678.0
2025-06-10,18.47,18.16,18.5,17.98,22435.8
2025-06-11,18.31,18.2,18.35,18.13,11673.0
2025-06-12,18.2,18.18,18.3,18.01,12438.28
2025-06-13,18.03,17.92,18.33,17.8,17908.22
2025-06-16,17.9,19.35,19.71,17.79,137204.28
2025-06-17,19.1,18.52,19.12,18.27,95825.63
2025-06-18,18.6,18.47,19.54,18.22,47114.14
2025-06-19,18.28,17.99,18.5,17.9,44152.0
2025-06-20,18.01,17.82,18.13,17.8,21358.72
2025-06-23,17.79,17.9,17.93,17.6,19275.0
2025-06-24,18.03,18.21,18.21,17.88,21888.0
2025-06-25,18.35,18.3,18.39,18.1,20661.0
2025-06-26,18.22,18.07,18.41,18.06,19452.0
2025-06-27,18.08,18.08,18.23,18.0,23307.0
2025-06-30,18.09,18.45,18.5,18.01,27203.36
2025-07-01,18.47,18.64,18.75,18.35,31227.0
2025-07-02,18.98,18.37,18.98,18.24,29699.0
2025-07-03,18.42,18.39,18.45,18.23,14801.0
2025-07-04,18.38,18.24,18.39,18.15,19495.0
2025-07-07,18.15,18.16,18.26,18.1,9352.0
2025-07-08,18.16,18.42,18.68,18.16,22143.0
2025-07-09,18.44,18.27,18.6,18.23,13964.0
2025-07-10,18.25,18.28,18.35,18.18,11961.4
2025-07-11,18.36,18.35,18.38,18.14,15479.0
2025-07-14,18.25,18.24,18.41,18.15,16266.0
2025-07-15,18.25,18.82,19.15,18.25,68437.98
2025-07-16,18.71,18.97,19.15,18.7,41593.0
2025-07-17,18.97,19.02,19.1,18.8,25652.0
2025-07-18,19.03,18.93,19.13,18.86,20572.2
2025-07-21,19.0,18.94,19.14,18.9,27117.76
2025-07-22,18.99,19.09,19.35,18.85,35962.04
2025-07-23,19.06,18.87,19.17,18.8,31067.0
2025-07-24,18.63,18.98,18.99,18.63,17294.6
2025-07-25,19.04,18.97,19.06,18.9,21211.12
2025-07-28,18.97,19.0,19.17,18.92,26153.6
2025-07-29,18.98,19.14,19.2,18.93,24716.0
2025-07-30,19.14,19.19,19.43,19.02,36883.4
2025-07-31,19.18,19.07,19.32,18.9,31416.0
2025-08-01,19.07,19.22,19.39,18.99,35761.06
2025-08-04,19.15,19.57,19.68,19.12,73625.68
2025-08-05,19.5,19.53,19.65,19.4,35275.0
2025-08-06,19.52,19.57,19.59,19.41,31146.6
2025-08-07,19.57,19.52,19.7,19.43,37541.0
2025-08-08,19.6,19.39,19.6,19.3,34709.17
2025-08-11,19.43,19.61,19.63,19.33,34951.4
2025-08-12,19.61,19.65,19.84,19.52,27362.46
2025-08-13,19.66,19.88,19.95,19.55,46268.5
2025-08-14,19.91,19.44,19.99,19.41,39416.0
2025-08-15,19.6,19.61,19.73,19.41,32385.0
2025-08-18,19.7,19.53,19.72,19.45,37212.68
2025-08-19,19.63,19.61,19.66,19.34,41947.0
2025-08-20,19.62,19.51,19.69,19.47,32852.76
2025-08-21,19.72,19.46,19.76,19.39,32139.76
2025-08-22,19.38,19.45,19.55,19.33,33989.0
2025-08-25,19.5,19.32,19.5,19.1,59157.09
2025-08-26,19.34,19.58,19.78,19.2,51830.89
2025-08-27,19.73,19.13,19.84,19.11,55014.0
2025-08-28,19.17,18.99,19.36,18.51,58615.0
2025-08-29,18.93,18.75,19.0,18.67,35268.0
2025-09-01,18.89,18.95,19.08,18.76,32949.0
2025-09-02,19.0,18.66,19.08,18.35,42753.6
2025-09-03,18.63,18.31,18.77,18.21,29186.72
2025-09-04,18.22,18.58,19.21,18.22,58407.4
2025-09-05,18.52,19.35,19.5,18.44,77228.0
2025-09-08,19.51,21.29,21.29,19.51,120578.29
2025-09-09,23.41,21.63,23.42,21.51,304416.12
2025-09-10,20.97,22.35,22.61,20.97,182640.16
2025-09-11,22.19,22.17,22.61,21.75,137531.5
2025-09-12,22.5,22.05,22.85,22.03,115696.36
2025-09-15,21.91,22.11,22.36,21.75,86495.45
2025-09-16,22.0,21.9,22.76,21.66,98901.69
2025-09-17,21.92,21.82,22.16,21.75,71734.03
2025-09-18,21.76,21.21,21.93,21.02,74881.72
2025-09-19,21.39,21.44,21.52,21.05,55086.0
2025-09-22,21.44,21.57,21.96,21.33,36208.36
2025-09-23,21.6,21.47,21.68,21.01,48266.0
2025-09-24,21.48,22.25,22.75,21.15,87178.84
2025-09-25,22.26,22.34,22.46,21.98,71405.0
2025-09-26,22.25,22.39,22.55,22.05,53537.0
2025-09-29,22.3,22.92,23.65,22.25,114991.0
2025-09-30,22.82,22.88,23.4,22.4,59975.2
2025-10-09,22.87,22.83,23.65,22.74,75597.0
2025-10-10,22.75,22.69,23.18,22.3,55204.0
2025-10-13,21.62,22.61,22.65,21.38,51009.2
2025-10-14,22.78,21.87,22.87,21.8,46884.44
2025-10-15,22.14,22.26,22.38,21.9,30682.8
2025-10-16,22.26,22.34,22.69,21.97,38152.0
2025-10-17,22.38,21.45,22.43,21.34,41292.0
2025-10-20,21.63,22.15,22.38,21.55,38644.0
2025-10-21,22.19,22.13,22.39,21.89,29904.6
2025-10-22,22.15,22.04,22.25,21.89,23516.0
2025-10-23,22.14,21.71,22.14,21.45,33297.0
2025-10-24,21.81,22.21,22.42,21.61,37659.0
2025-10-27,22.14,22.12,22.47,21.75,36873.05
2025-10-28,22.0,21.94,22.27,21.85,24603.6
2025-10-29,21.98,22.15,22.5,21.68,63633.6
2025-10-30,22.03,22.31,22.77,21.71,63079.74
2025-10-31,22.27,23.43,24.38,22.08,117332.19
2025-11-03,23.83,25.45,25.77,23.5,202343.36
2025-11-04,25.4,24.75,26.5,24.45,141836.88
2025-11-05,24.3,24.78,24.96,24.21,63499.72
2025-11-06,24.78,25.06,25.4,24.57,62895.64
2025-11-07,25.06,24.39,25.06,24.36,55100.02
2025-11-10,24.49,24.24,24.64,23.96,44488.0
2025-11-11,24.24,25.21,26.08,24.1,106583.28
2025-11-12,25.15,24.9,25.17,24.46,50051.0
2025-11-13,24.66,24.56,25.29,24.4,57654.0
2025-11-14,24.52,24.6,25.0,24.28,34604.0
2025-11-17,24.62,23.96,24.67,23.75,54443.0
2025-11-18,23.86,23.95,24.22,23.69,33296.2
2025-11-19,23.95,23.37,24.06,23.26,35795.0
2025-11-20,23.38,23.07,23.59,22.93,34073.84
2025-11-21,22.9,22.2,23.18,22.11,39586.0
2025-11-24,22.2,22.57,22.85,22.12,34795.6
2025-11-25,22.66,22.95,23.17,22.6,27988.35
2025-11-26,22.75,22.74,23.09,22.68,24626.85
2025-11-27,22.85,22.69,23.2,22.67,16241.0
2025-11-28,22.62,22.99,23.05,22.61,16101.0
2025-12-01,23.15,23.09,23.2,22.82,17599.69
2025-12-02,23.16,23.05,23.18,22.78,23276.0
2025-12-03,23.05,23.13,23.33,22.9,28997.0
2025-12-04,23.3,23.01,23.59,23.0,27344.36
2025-12-05,23.16,23.27,23.27,22.81,21101.0
2025-12-08,23.2,23.46,23.56,23.01,22962.48
2025-12-09,23.43,23.32,24.15,23.3,31301.69
2025-12-10,23.39,23.0,23.42,22.9,19119.0
2025-12-11,23.05,22.74,23.17,22.7,20470.4
2025-12-12,22.61,22.55,22.88,22.52,22107.4
2025-12-15,22.32,22.2,22.51,22.12,27358.0
2025-12-16,22.19,21.69,22.26,21.63,19814.6
2025-12-17,21.85,21.67,22.07,21.3,22360.0
2025-12-18,21.69,21.59,21.85,21.53,16469.0
2025-12-19,21.7,21.77,21.85,21.5,16317.0
2025-12-22,21.8,21.73,22.03,21.69,16302.06
2025-12-23,21.7,21.68,21.9,21.5,12436.46
2025-12-24,21.68,21.81,21.91,21.6,12636.0
2025-12-25,21.8,22.7,23.34,21.75,48044.73
2025-12-26,22.66,22.72,22.94,22.5,31905.4
2025-12-29,22.98,22.69,23.09,22.5,25494.09
2025-12-30,22.77,22.8,23.13,22.57,29802.0
2025-12-31,22.8,23.03,23.06,22.46,25937.6
2026-01-05,23.04,22.94,23.12,22.77,26407.6
2026-01-06,23.0,23.12,23.99,23.0,42467.0
2026-01-07,23.24,23.06,23.36,22.9,32940.0
2026-01-08,22.91,23.19,23.49,22.85,27816.6
2026-01-09,23.18,23.36,23.57,22.97,34607.0
2026-01-12,23.35,23.26,23.51,23.17,34816.0
2026-01-13,23.27,22.88,23.34,22.83,31298.6
2026-01-14,23.09,22.89,23.15,22.58,41400.0
2026-01-15,22.71,22.91,23.05,22.66,24450.0
2026-01-16,23.08,23.15,23.32,22.88,37420.0
2026-01-19,23.2,23.56,23.93,23.19,40087.2
2026-01-20,23.7,23.35,23.88,23.16,28621.0
2026-01-21,23.2,23.47,23.56,23.06,21120.0
2026-01-22,23.65,23.89,23.99,23.32,31849.68
2026-01-23,23.88,24.0,24.08,23.73,24570.0
2026-01-26,24.02,25.08,25.67,23.71,82538.31
2026-01-27,24.78,25.03,25.18,24.23,53272.11
2026-01-28,25.15,24.82,25.26,24.66,36410.6
2026-01-29,24.81,24.42,25.79,24.27,58540.99
2026-01-30,24.52,24.33,24.62,23.72,49860.0
2026-02-02,24.56,24.04,24.6,23.92,34173.6
2026-02-03,24.21,24.4,24.45,23.9,29540.56
2026-02-04,24.4,24.72,25.55,24.4,43089.9
2026-02-05,24.5,24.59,24.89,24.46,26162.0
2026-02-06,24.38,24.32,24.59,24.1,25485.0
2026-02-09,24.4,24.32,24.72,24.2,23251.15
2026-02-10,24.36,23.99,24.43,23.97,21027.0
2026-02-11,24.0,23.74,24.08,23.58,23095.15
2026-02-12,23.89,23.78,23.89,23.5,19100.75
2026-02-13,23.83,23.81,23.98,23.63,16779.8
2026-02-24,24.0,24.0,24.31,23.87,24549.96
2026-02-25,24.05,24.37,24.68,23.78,36870.2
2026-02-26,24.37,24.38,24.55,24.19,21184.0
2026-02-27,24.33,24.14,24.57,24.07,20316.08
2026-03-02,23.65,23.07,24.1,22.75,54629.0
2026-03-03,23.0,21.96,23.2,21.85,47720.0
2026-03-04,21.58,21.93,22.35,21.57,38014.53
2026-03-05,22.5,22.03,22.5,21.96,23677.53
2026-03-06,22.03,22.37,22.54,21.95,23661.37
2026-03-09,22.33,22.08,22.33,21.6,33828.0
2026-03-10,22.19,22.5,22.58,22.19,21023.64
2026-03-11,22.61,22.62,23.06,22.39,29312.2
2026-03-12,22.59,22.45,22.67,22.31,18991.0
2026-03-13,22.43,22.48,22.65,22.0,17803.0
2026-03-16,22.48,22.52,22.69,22.23,22337.0
2026-03-17,22.6,22.15,22.6,22.11,22617.0
2026-03-18,22.17,22.26,22.42,21.94,19226.0
2026-03-19,22.05,22.04,22.43,21.91,24197.0
2026-03-20,22.0,21.86,22.63,21.77,26926.0
2026-03-23,21.65,20.81,21.68,20.46,43152.31
2026-03-24,21.06,21.52,21.57,20.95,32956.6
2026-03-25,21.59,22.01,22.29,21.59,22808.56
2026-03-26,22.03,21.98,22.25,21.81,16750.0
2026-03-27,21.7,22.25,22.36,21.7,15691.0
2026-03-30,22.2,21.18,22.2,20.96,41237.0
2026-03-31,21.11,20.92,21.25,20.75,22444.92
2026-04-01,21.17,20.96,21.27,20.88,15153.68
2026-04-02,20.86,20.69,21.07,20.57,17247.0
2026-04-03,20.62,20.31,20.95,20.2,18514.2
2026-04-07,20.2,20.25,20.45,20.05,14923.0
